current_ratio,quick_ratio,cash_ratio,debt_equity_ratio,interest_coverage_ratio,gross_margin,operating_margin,net_profit_margin,return_on_assets,return_on_equity,asset_turnover,inventory_turnover,receivables_turnover,operating_cash_flow_ratio,free_cash_flow_ratio,price_to_earnings,market_cap,default_risk
1.81,0.89,0.6,3.03,8.79,0.31,0.39,-0.17,0.19,0.44,0.87,8.23,12.47,6.83,0.44,32.48,93.8,1
3.83,2.03,0.57,3.59,12.18,0.38,0.1,-0.07,0.17,0.17,0.8,2.5,3.28,0.51,0.54,46.07,53.29,0
3.06,3.09,1.82,1.13,11.52,0.68,0.52,0.38,-0.06,0.31,0.52,9.07,5.88,6.65,3.91,35.95,4749.02,1
2.6,2.64,0.57,2.81,2.73,0.27,0.37,0.34,0.27,0.11,1.29,5.06,14.38,2.83,2.92,9.58,341.47,0
1.05,2.88,0.62,2.57,2.66,0.7,0.09,0.05,0.13,0.24,1.06,1.26,10.46,0.47,4.74,15.21,9746.6,1
1.05,2.41,1.54,3.75,4.39,0.07,0.58,0.06,0.05,0.04,1.76,14.26,16.85,4.95,5.5,17.06,2259.55,1
0.7,2.52,0.95,4.08,5.74,0.62,0.31,0.17,0.2,0.01,0.26,9.8,8.86,6.87,2.33,19.18,4753.01,0
3.53,3.02,1.58,0.05,6.42,0.68,0.04,-0.2,0.0,0.2,1.36,13.22,15.92,6.77,3.58,36.1,658.32,0
2.6,1.1,0.22,3.03,10.36,0.15,0.38,-0.03,0.18,0.15,1.57,10.3,9.18,1.46,3.0,32.72,5244.38,1
2.98,1.87,1.03,0.23,1.32,0.34,0.15,-0.05,-0.08,0.21,1.57,5.68,17.67,1.6,5.89,16.17,3830.56,0
0.57,1.01,0.16,2.47,1.0,0.13,0.48,-0.02,0.24,0.0,1.79,7.93,17.36,4.13,4.99,8.72,494.37,1
3.89,3.46,0.22,1.29,6.18,0.57,0.49,0.36,0.08,0.06,1.51,10.3,7.27,4.61,5.47,14.43,3384.49,0
3.41,3.32,1.82,1.38,10.61,0.43,0.59,-0.0,0.15,-0.14,1.87,14.42,16.17,5.28,1.53,59.14,3944.79,0
1.24,0.43,0.36,1.59,3.3,0.51,0.3,-0.07,-0.01,-0.16,0.8,4.18,15.56,1.59,4.64,30.77,9899.72,0
1.14,2.56,1.11,2.8,9.8,0.16,0.27,0.15,0.17,-0.02,1.11,13.19,5.37,6.73,1.59,52.7,2118.46,0
1.14,3.26,0.88,1.5,4.27,0.17,0.45,0.41,0.21,-0.15,0.23,13.9,11.99,4.62,1.25,51.68,5470.56,1
1.56,0.88,0.76,3.3,13.35,0.03,0.08,-0.03,0.09,-0.13,0.21,10.22,3.16,5.99,5.67,33.13,9873.79,0
2.34,2.12,1.81,1.82,13.49,0.26,0.33,-0.15,0.15,0.37,0.63,14.0,15.39,3.96,0.12,43.87,7930.59,0
2.01,3.23,0.14,0.31,4.81,0.45,0.33,0.05,0.08,-0.17,0.38,6.27,4.79,3.13,5.79,15.6,9934.01,0
1.52,0.41,1.36,3.53,3.83,0.69,0.05,0.32,0.26,0.26,0.67,14.32,3.13,6.85,0.9,42.86,9684.57,0
2.64,2.53,1.93,1.29,6.46,0.53,0.25,0.19,0.1,-0.01,0.52,10.69,8.4,4.24,4.92,19.98,4920.92,0
0.99,1.25,1.16,1.95,3.99,0.35,0.51,0.37,0.24,0.41,0.25,1.11,11.23,6.12,1.66,50.76,6978.94,0
1.52,3.26,1.88,3.08,10.25,0.76,0.51,0.47,0.22,0.14,1.84,13.65,15.68,6.69,2.1,9.6,1148.91,0
1.78,3.41,0.2,1.5,12.48,0.58,0.06,0.35,0.06,0.01,0.21,7.52,17.59,4.86,1.3,47.52,4439.43,0
2.1,3.32,0.9,0.25,10.26,0.74,0.05,0.22,-0.01,0.16,1.52,7.17,9.03,4.02,3.51,10.5,8099.73,0
3.25,1.82,0.59,1.68,12.45,0.42,0.16,0.15,0.06,0.07,0.47,8.71,2.97,0.42,2.09,53.47,5078.09,0
1.2,3.06,1.49,4.25,6.26,0.21,0.52,-0.17,0.23,0.2,1.84,2.67,13.99,0.66,3.94,21.73,7041.86,1
2.3,3.0,1.96,2.89,2.77,0.04,0.08,0.49,-0.01,-0.12,1.81,7.3,11.04,1.73,0.09,40.99,7470.23,1
2.57,1.32,0.59,3.02,11.2,0.58,0.43,0.07,0.11,0.5,1.38,12.55,9.17,1.63,0.39,31.81,2572.02,0
0.66,2.95,1.34,2.85,5.73,0.1,0.06,-0.09,0.22,0.1,1.41,0.72,6.95,2.08,0.6,25.15,8763.21,0
2.63,0.42,0.48,0.9,10.23,0.24,0.37,0.27,0.04,0.04,0.21,4.46,10.04,2.41,2.51,40.5,4625.23,0
1.1,2.21,1.17,1.88,4.42,0.43,0.21,-0.0,0.16,0.3,1.97,0.54,7.42,2.78,4.89,57.11,2141.34,0
0.73,1.04,0.98,3.38,1.68,0.45,0.47,0.21,-0.0,0.05,1.78,6.53,14.11,3.18,5.33,7.27,8660.89,0
3.82,0.69,1.95,0.46,14.89,0.48,0.14,0.21,-0.06,0.38,1.81,11.06,10.7,1.05,1.47,55.54,4207.3,1
3.88,0.55,1.26,1.25,2.76,0.13,0.38,0.11,0.22,0.12,1.39,12.08,16.03,0.68,3.45,38.5,7515.61,0
3.33,2.53,0.76,1.24,14.83,0.3,0.14,0.39,-0.06,0.3,0.82,14.21,10.7,4.85,4.61,49.4,5502.93,1
1.57,1.39,0.32,1.94,14.67,0.49,0.43,-0.01,0.01,-0.12,1.81,9.32,5.81,3.95,1.73,26.11,3849.62,0
0.84,2.62,0.39,4.41,12.01,0.78,0.52,0.11,0.24,0.39,0.72,4.19,15.62,3.33,2.45,30.95,8108.27,0
2.89,0.51,0.53,0.3,10.06,0.58,0.08,0.18,0.04,0.32,1.21,13.9,10.92,4.59,3.14,52.79,5865.48,1
2.04,1.31,0.58,2.33,8.88,0.74,0.52,0.26,0.29,-0.05,0.38,11.74,5.31,5.86,0.81,27.82,3936.09,0
0.93,2.03,1.72,0.81,13.06,0.61,0.36,0.35,0.29,-0.1,1.86,8.83,11.98,3.22,0.16,34.41,1140.5,0
2.23,2.83,1.17,4.37,4.7,0.47,0.08,0.08,0.01,0.02,0.45,10.59,7.72,4.63,0.92,6.11,8959.68,0
0.62,1.32,1.09,0.51,7.28,0.15,0.26,0.25,-0.08,0.48,0.6,13.9,15.51,6.69,3.76,13.72,402.92,0
3.68,2.3,0.32,1.82,9.48,0.53,0.1,-0.09,0.18,-0.02,1.2,10.83,9.25,5.94,0.44,40.29,8638.71,0
1.41,3.14,1.73,3.32,6.46,0.5,0.42,0.45,0.08,0.12,1.58,5.84,13.62,3.21,1.14,44.43,3631.62,0
2.82,2.27,1.47,3.17,6.7,0.48,0.46,0.07,-0.06,-0.18,1.31,10.84,3.53,4.66,2.03,37.04,6411.42,0
1.59,1.05,0.23,1.9,5.29,0.39,0.06,0.31,0.18,0.08,0.62,1.08,8.34,1.57,0.47,12.88,9225.89,0
2.32,0.38,1.44,1.56,8.68,0.42,0.3,-0.19,-0.09,0.2,0.2,6.1,17.73,4.1,1.15,29.5,1559.48,1
2.41,3.08,1.13,1.79,12.83,0.27,0.49,-0.06,0.25,0.47,1.56,6.39,14.94,6.88,5.47,24.53,5691.16,0
1.15,0.37,0.26,1.19,3.42,0.42,0.56,0.14,-0.04,0.16,1.97,2.92,4.56,3.82,0.12,32.26,7656.11,0
3.89,3.1,0.97,0.92,14.05,0.16,0.31,0.41,-0.05,0.37,1.66,0.83,6.44,6.52,3.92,52.87,7587.96,0
3.21,1.99,1.02,2.17,10.49,0.64,0.57,0.17,-0.03,0.18,1.03,2.43,7.28,3.09,2.31,47.67,5280.04,0
3.79,3.31,0.41,1.21,12.44,0.15,0.32,0.45,0.28,-0.17,1.83,9.99,12.41,6.99,4.04,9.62,6266.16,0
3.63,2.86,1.9,1.29,8.56,0.07,0.24,0.14,0.18,0.02,0.94,12.13,14.11,4.22,3.53,53.97,7587.39,0
2.59,3.49,1.71,2.96,11.8,0.35,0.51,0.14,0.22,0.2,1.14,14.83,13.99,0.68,1.34,30.95,8418.22,0
3.73,1.42,1.37,4.36,0.73,0.53,0.3,-0.12,0.06,0.47,1.06,5.52,10.16,4.27,5.08,45.91,7630.04,0
0.81,2.76,0.98,2.72,12.37,0.35,0.28,0.36,0.03,0.4,1.01,9.19,14.97,2.21,2.95,12.7,3572.35,0
1.19,1.59,0.88,0.35,1.08,0.22,0.29,-0.03,-0.01,-0.04,1.6,14.09,8.99,0.61,4.94,41.89,9967.43,1
0.66,1.84,1.34,0.34,13.4,0.45,0.51,0.43,0.09,-0.05,1.15,2.92,3.98,5.82,2.44,18.0,4373.3,0
1.64,2.31,1.14,4.28,14.88,0.28,0.5,0.44,0.12,-0.06,0.77,10.91,11.03,2.22,5.91,29.11,293.42,0
1.86,3.1,0.22,1.34,4.76,0.75,0.24,0.46,0.15,0.45,0.66,11.45,17.24,5.66,4.62,5.93,3658.04,0
1.45,3.45,1.07,0.41,3.55,0.74,0.2,0.16,0.0,0.4,0.27,1.79,14.69,2.3,5.8,13.34,1321.44,0
3.4,2.76,1.63,2.7,11.6,0.4,0.3,0.27,0.28,0.34,1.25,12.99,11.26,1.68,3.09,10.06,1258.35,1
1.75,1.64,0.97,2.81,4.17,0.26,0.34,0.34,-0.03,0.07,0.61,12.29,12.35,6.83,2.84,18.19,2851.27,0
1.48,1.65,0.2,2.92,13.05,0.59,0.14,-0.11,0.29,0.15,0.47,0.98,16.89,2.79,4.53,10.5,581.09,1
2.4,2.66,1.59,1.2,1.99,0.03,0.48,0.22,-0.09,0.13,1.38,1.82,8.85,4.37,5.28,43.06,6900.7,0
0.99,1.06,0.48,0.07,2.33,0.38,0.29,-0.18,0.09,-0.02,1.43,1.21,7.3,4.43,5.78,6.6,786.19,0
3.31,0.65,0.59,4.34,14.7,0.27,0.2,0.15,0.03,0.15,1.55,5.35,17.64,4.1,1.95,38.98,2072.73,1
0.76,1.43,0.41,1.13,10.27,0.74,0.06,-0.09,0.08,-0.18,1.11,7.88,15.82,6.44,4.79,12.74,974.35,0
3.95,1.22,0.73,3.04,12.78,0.01,0.14,-0.07,0.13,-0.11,1.81,8.22,7.17,4.85,1.26,56.98,678.52,1
3.2,1.25,1.54,3.18,5.2,0.44,0.57,0.06,0.07,0.42,1.89,4.38,9.42,3.06,3.27,56.32,2714.13,0
1.2,1.05,1.09,2.75,10.31,0.59,0.18,0.1,0.07,0.33,1.65,13.72,8.64,6.09,1.08,17.4,5740.39,0
0.52,0.43,0.49,1.41,9.12,0.39,0.1,0.24,0.19,0.1,1.34,5.84,4.39,1.6,2.08,38.79,9648.62,0
3.35,0.36,1.77,1.22,9.25,0.07,0.28,-0.15,0.17,0.16,0.75,1.16,17.33,3.99,5.59,6.54,8761.79,0
2.97,3.46,1.77,2.69,10.4,0.78,0.18,0.15,0.23,0.06,1.97,4.85,8.47,6.67,0.88,56.25,8765.54,0
3.05,1.67,1.75,3.9,8.84,0.41,0.02,-0.07,-0.0,0.32,0.69,8.2,16.01,4.53,3.79,33.76,1801.87,0
3.2,1.53,0.55,4.26,6.72,0.49,0.19,0.2,0.14,0.35,0.56,6.42,5.03,5.79,3.56,7.38,2685.83,0
0.76,2.47,0.96,0.48,4.5,0.19,0.33,0.25,0.13,0.33,1.0,4.47,10.77,4.71,0.72,23.84,810.11,0
1.75,1.0,1.97,0.7,11.64,0.39,0.33,0.19,0.05,0.31,0.3,2.4,2.38,5.94,1.96,9.23,7795.76,0
0.91,3.34,1.57,4.25,3.78,0.34,0.21,0.32,0.09,-0.06,1.96,12.38,14.23,6.63,3.38,26.61,744.67,1
3.52,2.82,0.15,3.31,10.54,0.06,0.27,0.03,0.03,0.04,1.26,14.94,11.29,2.2,1.12,41.85,5589.12,0
2.68,0.59,0.22,3.97,3.88,0.08,0.58,0.34,-0.04,0.13,1.2,5.28,12.01,1.52,4.8,30.84,2516.36,0
1.66,1.64,0.98,0.91,9.57,0.67,0.23,0.1,-0.01,0.03,1.38,6.03,2.83,3.59,5.83,26.1,2472.28,0
0.72,3.11,1.83,2.64,11.33,0.19,0.15,0.14,-0.06,0.33,1.09,9.46,5.38,5.03,1.29,11.55,9907.71,1
1.59,3.32,1.12,3.16,3.67,0.16,0.15,0.25,0.17,0.03,0.26,10.92,3.19,1.9,1.12,18.47,7579.96,0
1.64,1.8,1.05,3.06,1.37,0.4,0.27,-0.19,0.16,-0.1,1.3,6.18,6.62,0.43,2.73,10.51,8377.55,0
3.05,2.26,0.3,1.84,2.4,0.61,0.46,0.26,0.28,0.08,1.49,13.62,12.04,2.66,4.49,49.41,5741.23,0
2.73,0.83,1.35,0.07,9.29,0.05,0.12,0.23,0.19,0.49,0.95,8.62,11.06,6.79,1.69,12.44,8716.59,0
3.61,3.47,1.66,2.62,12.82,0.46,0.43,0.02,-0.08,-0.04,1.56,7.03,11.79,4.99,0.12,37.75,6472.63,0
2.15,1.04,0.82,1.14,1.15,0.1,0.01,-0.14,0.25,0.23,0.61,9.88,10.79,3.05,3.25,23.85,9464.43,1
0.92,3.32,1.57,2.03,11.15,0.03,0.25,-0.14,0.25,0.1,0.6,14.32,6.37,1.67,5.74,17.43,2849.32,0
3.0,2.38,1.93,4.31,5.45,0.04,0.47,0.45,0.08,-0.15,0.49,12.02,5.91,2.75,2.35,40.17,5973.43,0
3.16,2.24,0.49,1.8,7.44,0.67,0.2,0.28,0.13,0.14,0.87,1.08,4.19,1.52,2.52,30.14,6916.81,1
2.46,1.94,1.09,3.78,13.97,0.09,0.34,-0.11,0.29,0.29,1.72,5.32,15.59,1.1,5.81,27.01,3959.73,0
3.2,1.04,0.65,0.85,5.31,0.04,0.12,0.05,0.11,0.16,1.69,7.32,11.86,6.38,4.17,37.61,8803.09,1
2.23,0.86,1.61,3.03,7.25,0.35,0.45,0.21,0.26,0.41,0.89,5.06,4.98,6.98,4.32,32.02,9799.04,1
2.33,1.01,1.2,4.4,0.7,0.68,0.03,0.38,-0.07,0.0,1.26,10.65,4.84,1.48,3.38,21.69,4963.01,0
2.0,0.9,1.31,0.46,1.68,0.21,0.51,-0.17,-0.02,-0.14,1.5,12.48,15.97,0.76,5.85,35.75,3936.87,0
0.59,2.79,1.62,0.04,4.25,0.34,0.12,-0.03,0.08,0.46,0.63,11.1,13.88,2.58,4.13,41.82,4745.78,0
0.88,1.42,0.85,1.95,0.9,0.03,0.52,0.42,0.13,0.06,0.5,14.85,12.55,3.45,5.37,6.47,8534.73,0
0.61,0.49,1.84,0.42,9.65,0.36,0.21,-0.19,0.23,0.2,1.95,4.45,8.51,1.75,4.2,30.62,6472.41,1
2.73,3.4,1.11,3.37,6.68,0.46,0.43,-0.06,0.3,0.35,1.31,13.19,6.19,2.39,4.41,8.17,495.49,1
1.6,3.13,0.4,4.12,8.45,0.46,0.19,0.47,0.06,0.03,1.97,11.62,17.67,1.73,1.74,15.25,5444.59,0
2.28,3.27,1.42,1.95,3.03,0.27,0.54,0.23,-0.08,0.3,0.81,5.75,14.76,5.51,1.82,35.83,222.14,0
3.68,3.48,1.61,1.16,4.79,0.25,0.08,-0.02,0.22,-0.11,1.47,11.14,6.83,5.1,4.7,52.64,7796.43,0
1.37,0.86,0.7,1.95,10.13,0.09,0.11,-0.15,0.14,0.0,0.6,2.01,15.56,4.59,1.78,53.55,3316.71,0
1.94,1.57,1.73,3.26,14.5,0.29,0.3,-0.18,-0.02,-0.1,0.67,11.95,14.14,2.96,3.38,8.85,4746.47,0
3.14,2.73,1.82,0.04,1.23,0.08,0.05,-0.03,0.1,0.37,1.12,8.22,6.75,6.4,1.5,28.05,7996.85,1
1.3,2.53,0.63,2.65,13.41,0.61,0.12,0.42,0.2,-0.04,0.78,4.74,8.82,6.8,4.9,37.07,512.17,0
0.77,0.79,1.97,2.76,8.86,0.77,0.57,0.09,0.21,0.3,0.5,10.01,4.98,1.55,0.66,13.09,1627.49,1
1.51,2.91,0.37,2.87,8.68,0.78,0.59,0.3,0.1,0.46,0.67,9.8,3.78,1.87,4.98,47.1,4009.71,0
1.06,1.02,0.48,1.09,7.75,0.69,0.23,0.44,0.02,0.17,0.26,3.54,13.56,3.87,3.62,45.93,2337.76,0
3.75,1.02,0.45,3.21,1.51,0.48,0.55,0.09,0.29,0.18,1.47,0.94,6.28,1.0,1.12,54.68,3412.12,0
3.33,2.02,1.8,0.41,1.8,0.56,0.33,-0.07,0.17,0.12,1.09,6.79,15.12,3.28,3.25,5.47,9981.84,1
2.72,2.2,1.34,0.9,9.21,0.23,0.16,0.16,0.06,0.03,0.37,8.76,17.93,4.24,1.69,16.92,8262.87,0
3.55,2.16,0.39,3.95,5.44,0.5,0.42,0.44,0.01,0.13,0.51,13.21,3.23,3.85,1.94,50.5,8844.82,0
3.31,0.59,0.94,3.32,13.8,0.36,0.4,0.36,0.19,0.22,0.38,13.96,9.57,2.58,2.11,41.88,9373.69,0
1.15,3.11,1.27,0.06,6.4,0.39,0.59,-0.15,-0.0,0.49,1.3,8.17,14.83,3.98,0.38,54.19,3442.31,0
3.62,1.15,0.26,1.12,2.58,0.61,0.16,0.28,-0.03,0.46,0.37,11.43,14.62,6.73,5.92,8.14,3005.92,0
2.39,0.71,1.78,0.96,10.86,0.23,0.4,0.2,0.11,0.4,1.56,6.87,14.16,1.76,0.19,37.83,2378.92,0
3.33,3.14,1.63,1.22,4.75,0.25,0.03,0.44,0.02,0.42,0.24,11.32,7.58,4.72,3.97,36.3,8309.66,0
3.64,3.36,1.06,1.11,8.12,0.74,0.07,-0.11,0.15,0.13,0.65,3.47,9.26,0.69,2.23,6.96,6811.54,0
1.61,3.06,1.94,0.28,10.62,0.04,0.0,0.17,-0.05,0.26,1.8,5.88,11.52,0.84,3.88,33.24,2399.91,0
0.89,2.89,0.89,2.07,13.55,0.39,0.6,0.42,0.16,0.43,1.49,9.7,17.58,4.04,2.14,38.52,3801.09,1
1.3,2.4,1.97,3.3,11.99,0.73,0.48,0.09,0.01,0.08,0.33,0.76,7.24,1.09,4.04,15.52,5091.78,0
1.99,2.06,1.37,2.73,10.31,0.49,0.47,0.14,-0.1,0.47,1.68,10.98,16.77,0.55,4.38,20.03,5304.99,0
3.36,0.58,1.31,3.03,10.35,0.44,0.31,-0.15,-0.05,0.09,1.09,12.62,6.31,1.53,4.14,40.22,8892.84,0
3.51,1.61,0.42,0.37,14.22,0.2,0.18,-0.01,0.27,0.22,1.72,6.29,17.83,4.13,0.68,30.76,3836.63,0
0.52,1.49,1.78,4.28,4.79,0.27,0.09,0.03,0.25,0.3,1.28,7.0,12.72,5.04,3.94,52.19,9089.81,0
2.29,1.13,0.91,3.77,0.52,0.68,0.17,0.46,-0.01,0.47,1.43,12.84,9.42,1.74,1.68,23.83,4441.61,1
1.96,2.61,0.41,3.62,4.44,0.45,0.23,-0.0,0.21,-0.03,1.99,11.75,11.81,4.81,0.17,19.67,7476.41,0
1.28,1.89,0.12,3.7,3.66,0.41,0.45,0.12,0.14,0.32,0.62,4.68,6.36,1.6,2.49,59.17,9306.03,0
0.92,0.56,1.16,4.2,10.1,0.08,0.32,0.27,0.29,0.16,1.32,5.2,6.39,4.45,2.6,55.11,9080.38,0
1.68,1.0,1.1,2.45,9.69,0.01,0.05,-0.09,0.05,-0.01,1.03,10.34,3.82,3.12,2.8,6.59,616.68,0
3.8,2.49,1.47,0.9,9.11,0.77,0.01,0.14,0.17,0.34,0.27,8.67,3.82,4.72,4.23,47.39,2096.76,1
1.63,0.54,1.79,2.78,0.74,0.3,0.06,0.32,-0.07,0.19,0.23,2.85,7.56,6.97,1.85,11.07,4795.21,1
2.32,3.02,0.25,3.34,11.07,0.48,0.25,0.41,0.06,0.26,0.41,4.99,14.21,6.59,1.89,6.51,4343.97,0
2.96,1.88,1.49,3.32,5.19,0.06,0.56,0.24,0.29,0.03,1.37,13.55,11.73,0.43,0.36,20.05,6426.87,0
1.77,1.84,0.46,2.35,10.14,0.55,0.38,0.27,0.12,0.14,1.22,10.48,3.64,6.24,4.12,19.81,9449.86,1
3.9,2.2,1.73,0.31,8.57,0.75,0.48,-0.11,0.02,0.23,1.2,14.8,15.64,0.84,3.41,50.06,1168.43,0
3.87,2.94,1.66,1.67,5.47,0.46,0.28,0.46,-0.05,0.08,0.26,11.62,11.62,6.69,2.1,44.09,4545.99,0
1.38,1.41,1.13,4.14,2.45,0.1,0.22,-0.11,0.18,-0.06,1.04,14.16,17.37,2.26,4.23,58.99,1964.49,1
2.24,2.47,1.45,2.63,1.87,0.47,0.07,0.34,0.16,0.47,1.86,3.63,12.72,2.92,3.22,44.13,8946.37,0
1.55,2.11,0.7,2.42,12.56,0.61,0.53,-0.01,0.05,0.16,0.92,11.69,4.8,1.0,2.82,28.0,9647.57,0
1.5,1.15,1.0,1.21,13.82,0.33,0.47,0.45,0.28,0.31,1.32,0.79,9.58,1.14,3.07,43.44,4813.08,1
0.63,3.11,1.66,1.66,9.92,0.7,0.1,0.3,-0.09,0.09,1.6,10.23,12.38,5.2,3.82,59.97,1084.9,0
2.63,2.85,0.97,4.03,2.0,0.52,0.31,0.33,0.02,0.05,1.61,7.3,2.45,6.63,3.96,44.06,7863.68,0
2.26,2.41,0.78,3.0,6.33,0.72,0.29,-0.05,0.27,0.09,1.13,5.53,2.24,4.43,1.73,46.89,6986.56,0
0.68,3.02,1.04,3.54,11.07,0.5,0.38,0.11,0.03,0.09,1.74,13.0,4.07,5.12,0.84,56.61,3578.97,0
1.48,3.08,1.67,2.04,11.81,0.11,0.57,0.23,0.0,0.18,0.9,12.89,6.03,5.43,0.94,11.25,8879.7,0
3.68,2.57,0.74,2.84,2.21,0.25,0.35,0.34,0.11,0.18,1.8,0.82,8.87,2.13,3.84,43.76,9759.53,0
1.34,2.98,0.43,1.12,0.5,0.16,0.32,-0.13,0.23,0.15,0.63,9.34,9.8,0.7,5.24,51.79,5600.65,0
1.01,2.53,1.45,3.17,10.83,0.73,0.03,0.47,-0.06,-0.11,0.7,5.83,4.21,0.41,2.46,57.49,5678.99,1
2.21,2.48,1.67,1.92,5.67,0.61,0.04,0.42,0.28,0.15,0.3,6.53,12.77,2.71,1.02,16.6,3010.26,0
3.95,2.28,0.29,1.99,4.19,0.54,0.11,-0.01,0.22,-0.08,1.63,12.56,11.54,1.99,4.54,32.72,5865.84,0
1.35,2.71,0.56,2.92,0.69,0.24,0.02,0.38,-0.03,-0.11,0.95,4.99,6.71,0.81,4.99,42.43,4424.44,0
2.85,0.81,0.37,4.21,8.33,0.15,0.45,0.16,0.18,0.45,0.61,14.17,2.22,1.58,5.28,18.61,3056.8,1
3.17,3.12,0.76,0.29,12.84,0.61,0.43,0.12,0.05,0.22,0.62,3.1,3.24,1.22,3.64,38.03,718.49,0
1.33,3.09,0.96,3.71,14.39,0.38,0.08,0.02,0.06,0.26,1.82,10.11,8.27,6.44,5.16,19.17,2564.44,0
3.05,0.39,1.52,1.32,8.7,0.18,0.5,0.21,0.21,0.08,1.7,10.25,4.46,1.33,0.09,23.34,2018.65,0
1.79,2.94,1.34,2.0,7.96,0.49,0.09,0.31,0.29,0.44,1.2,4.16,8.03,3.95,0.64,29.28,5443.32,0
2.71,0.71,1.28,0.1,1.73,0.03,0.18,0.09,-0.05,0.25,1.31,5.21,12.05,4.31,0.56,34.11,6036.62,0
2.72,1.37,0.77,1.35,8.46,0.26,0.15,0.24,0.07,0.34,1.05,12.6,10.76,3.99,4.28,29.72,6105.29,0
2.38,2.68,1.7,2.26,6.01,0.37,0.22,0.29,0.09,0.06,0.9,11.55,5.7,1.05,0.42,32.13,3912.4,1
0.82,0.81,1.0,0.25,9.3,0.12,0.15,0.3,0.05,0.47,1.85,5.27,7.5,2.5,2.98,21.42,4241.24,1
3.42,2.92,1.96,2.21,6.14,0.79,0.29,-0.16,0.05,0.37,0.43,8.24,11.82,0.74,2.84,13.74,8350.67,1
1.62,2.96,1.3,4.17,3.98,0.17,0.24,0.4,-0.08,0.4,0.95,1.39,15.77,3.01,1.86,7.6,4788.52,0
1.15,1.92,0.34,0.47,1.88,0.1,0.59,0.12,0.17,-0.08,0.82,3.53,14.05,1.64,5.22,15.78,9878.34,1
0.64,0.32,1.38,3.44,5.07,0.16,0.03,-0.02,0.07,-0.01,1.1,7.54,10.85,4.11,1.02,37.01,4424.19,1
2.57,1.22,0.72,1.84,1.9,0.62,0.09,-0.03,-0.02,-0.0,1.02,1.75,7.8,4.97,2.11,48.24,6513.33,0
2.87,2.27,1.4,2.95,3.07,0.34,0.03,0.14,0.23,-0.01,1.13,12.73,7.84,3.91,4.65,14.31,551.11,0
0.56,3.44,0.23,1.17,14.82,0.45,0.38,0.42,0.22,0.4,0.45,10.91,16.07,3.27,0.18,10.97,6550.73,0
2.29,2.32,0.43,0.72,6.94,0.02,0.03,0.06,0.09,-0.18,1.12,14.18,2.63,2.96,4.04,46.21,8521.69,0
1.29,1.13,1.73,0.72,8.21,0.03,0.5,0.32,0.02,-0.15,0.64,10.56,17.81,5.96,4.9,21.78,9427.46,0
2.76,2.33,0.53,0.32,13.17,0.36,0.31,-0.13,0.16,-0.01,0.53,14.14,12.63,1.85,5.59,57.33,9973.34,0
1.11,2.03,1.69,0.84,14.94,0.65,0.32,0.13,0.02,-0.06,0.32,8.54,12.9,5.25,5.26,44.29,2857.68,0
2.92,2.8,0.63,2.99,8.95,0.71,0.34,0.49,-0.01,-0.04,1.57,9.2,2.61,5.4,1.92,22.97,5774.93,0
1.85,0.64,1.32,3.97,12.28,0.07,0.1,0.34,0.19,0.36,0.97,14.67,11.69,3.17,3.52,20.92,4534.64,0
3.78,2.74,1.42,3.66,5.24,0.43,0.12,-0.05,-0.08,0.19,1.33,9.81,9.76,2.36,0.46,33.8,5659.98,0
0.98,2.03,1.07,3.08,4.93,0.73,0.19,0.15,-0.06,-0.2,1.51,0.95,3.69,3.51,1.55,9.35,1616.66,1
1.69,3.38,0.68,0.5,6.34,0.31,0.36,-0.04,-0.1,0.1,1.42,11.0,6.45,1.02,0.57,11.47,8568.69,1
0.9,1.39,0.5,1.3,10.25,0.66,0.13,0.09,-0.04,0.09,1.05,13.63,16.25,0.7,1.89,14.67,9100.21,0
3.74,2.32,0.16,1.39,10.39,0.11,0.07,0.35,-0.07,-0.12,0.9,12.04,10.8,1.14,5.25,47.61,4524.13,0
3.57,3.28,0.68,1.12,5.07,0.75,0.58,0.34,0.3,0.27,0.88,8.97,8.61,1.64,2.08,33.26,2840.28,0
1.4,0.63,1.34,2.32,2.43,0.6,0.01,-0.04,0.02,0.29,1.35,10.23,3.16,3.73,3.37,5.58,1451.29,0
2.81,3.3,1.88,2.41,9.67,0.75,0.48,0.45,-0.04,0.3,1.09,14.86,13.43,6.0,2.6,42.04,6853.46,0
3.36,2.5,1.76,1.61,2.36,0.54,0.47,0.21,-0.0,0.31,1.73,1.81,13.25,1.96,2.75,28.3,3156.71,0
2.44,0.52,1.56,1.59,8.89,0.29,0.18,0.07,0.27,-0.2,1.77,10.18,11.82,6.57,5.82,33.1,9099.91,1
2.35,1.26,1.6,3.73,10.55,0.75,0.08,0.15,0.11,0.47,0.51,4.61,10.16,6.7,1.78,16.78,6726.57,0
1.35,2.57,1.36,3.55,10.66,0.22,0.09,0.22,0.05,0.37,0.45,9.78,8.94,6.73,3.76,35.35,6474.57,0
0.83,0.52,0.59,1.39,11.43,0.27,0.42,0.19,0.25,0.43,1.33,9.31,11.49,5.93,2.52,58.85,5616.05,0
3.64,2.16,1.82,4.11,13.16,0.56,0.39,0.14,0.06,-0.19,0.74,2.73,5.73,2.8,0.37,9.04,505.47,0
3.65,1.41,1.37,4.29,7.75,0.61,0.47,0.15,0.03,0.45,0.23,3.5,17.06,0.88,2.94,20.62,9322.63,0
2.72,2.29,1.16,1.47,11.09,0.74,0.56,-0.08,-0.02,0.37,1.8,9.51,11.42,4.15,4.88,18.36,6297.98,0
1.69,0.45,0.31,1.59,9.48,0.16,0.42,0.37,0.05,0.39,0.61,2.36,6.98,4.09,0.59,18.67,9940.92,0
1.72,3.09,0.95,2.28,3.21,0.64,0.09,0.18,0.03,-0.13,1.87,4.35,9.19,6.01,0.42,25.83,5396.7,0
3.04,3.42,0.97,4.24,0.87,0.59,0.15,-0.11,0.17,0.32,1.49,12.61,14.89,6.97,0.92,50.0,7115.6,0
3.64,3.4,1.74,3.94,4.63,0.05,0.51,0.34,0.02,0.47,1.57,5.24,4.59,3.75,4.59,55.21,609.29,0
3.6,2.7,1.14,0.46,6.92,0.31,0.13,0.45,0.13,0.27,0.56,7.58,6.69,2.68,4.34,16.12,6335.77,0
3.23,0.72,0.82,1.77,9.45,0.23,0.04,0.46,-0.07,0.2,0.62,14.15,12.87,1.63,3.39,34.86,7658.26,0
2.75,2.73,1.96,2.49,12.82,0.24,0.42,0.06,-0.02,0.46,1.14,3.79,7.05,0.43,2.81,40.03,7796.22,0
0.79,0.38,0.31,2.26,3.35,0.79,0.24,-0.11,0.06,0.11,0.51,6.15,14.68,3.76,5.33,33.7,7712.61,0
1.07,0.37,0.9,0.87,2.32,0.51,0.55,0.16,0.27,0.22,0.75,9.29,4.09,4.07,4.6,28.87,2301.51,0
3.64,1.34,0.18,3.86,14.47,0.57,0.39,-0.12,0.05,0.13,0.78,11.45,14.2,5.84,4.87,15.56,9755.21,0
2.62,1.86,1.51,3.05,2.07,0.78,0.05,0.45,0.17,0.45,0.49,13.57,3.09,3.73,4.88,31.85,9952.06,0
0.53,2.77,1.84,3.77,7.44,0.3,0.57,-0.07,0.0,-0.15,0.57,13.77,2.2,6.45,3.86,27.07,802.18,0
0.86,2.49,0.63,3.86,8.99,0.64,0.16,-0.02,-0.05,0.15,1.62,11.76,16.37,4.55,2.75,48.76,9367.64,0
2.82,1.73,1.73,3.37,8.35,0.35,0.2,0.08,-0.08,0.28,0.5,3.81,11.3,5.95,5.19,47.0,2930.02,0
0.52,1.18,0.66,1.98,1.75,0.7,0.24,0.07,0.02,0.35,0.25,0.86,7.63,1.38,5.56,12.37,6908.38,0
1.06,3.49,1.83,2.75,1.33,0.14,0.03,0.36,-0.04,0.21,1.33,6.06,5.72,6.05,0.14,9.87,3414.2,1
2.42,1.66,1.53,0.72,2.03,0.76,0.3,0.12,-0.03,0.44,1.96,2.55,11.87,4.86,0.31,54.95,9679.16,0
2.92,1.74,1.63,3.03,8.99,0.18,0.07,-0.08,0.2,0.46,0.8,10.8,10.14,1.52,5.75,34.45,1059.96,0
2.78,0.82,0.13,0.81,8.39,0.26,0.24,-0.01,-0.09,-0.15,0.41,10.09,17.87,1.65,1.66,52.18,5002.58,0
1.28,2.84,1.93,3.12,3.89,0.6,0.21,0.16,0.12,0.08,1.23,1.14,17.73,6.51,5.24,8.2,4309.08,0
2.99,2.52,1.48,1.03,9.75,0.32,0.46,-0.1,0.05,-0.18,1.83,12.63,12.16,0.61,2.33,33.96,3293.93,0
1.33,1.01,0.68,0.53,12.39,0.49,0.48,0.23,0.1,0.03,1.61,4.11,9.09,3.45,0.71,34.67,6473.06,0
1.64,0.56,1.68,0.74,1.1,0.36,0.09,0.2,0.13,0.18,1.32,6.77,9.86,2.47,0.48,52.34,1354.0,0
3.11,2.48,0.63,0.01,7.72,0.59,0.22,0.3,0.03,0.44,0.77,10.19,12.92,4.79,0.94,10.37,7180.79,1
2.77,2.39,1.76,3.23,10.5,0.18,0.22,0.46,0.02,0.39,1.18,6.73,3.63,5.94,1.5,18.22,9806.89,0
3.47,1.17,0.31,3.3,4.16,0.05,0.09,0.44,0.19,-0.11,0.36,6.9,7.25,2.78,2.93,27.36,8055.36,0
2.8,3.34,1.44,2.32,4.96,0.24,0.48,0.46,0.25,-0.13,1.42,1.45,3.2,3.22,4.21,52.62,8607.17,0
2.49,0.78,1.13,0.73,9.4,0.38,0.42,-0.03,-0.02,0.21,1.51,6.32,3.17,6.88,5.92,56.64,3628.39,0
0.83,1.68,0.28,0.38,13.52,0.13,0.11,-0.11,-0.06,0.17,1.94,11.59,5.13,5.57,2.65,59.6,3282.62,1
1.79,3.32,0.56,0.09,12.24,0.28,0.22,0.01,0.26,-0.01,0.67,13.77,9.76,6.32,3.11,57.76,5194.63,0
1.43,1.64,0.12,0.75,8.96,0.32,0.06,0.43,0.04,0.43,0.23,6.5,14.56,3.3,3.13,5.33,504.98,1
1.35,2.34,0.99,4.01,11.09,0.05,0.38,0.48,0.12,0.45,1.18,6.64,9.77,1.94,3.24,7.62,9456.31,0
3.91,1.57,0.67,1.09,5.79,0.47,0.07,0.4,0.04,0.08,1.47,10.69,7.37,3.12,3.11,13.12,1480.66,0
1.88,1.18,1.24,1.59,9.79,0.71,0.59,-0.12,-0.05,0.42,1.62,14.17,3.32,5.13,0.05,24.19,9034.98,0
3.62,3.45,0.66,0.47,7.26,0.12,0.47,0.46,0.14,0.07,0.55,4.37,10.8,1.12,0.01,50.65,881.64,0
2.71,1.61,0.67,1.0,3.25,0.48,0.23,0.1,0.11,0.32,0.67,6.88,6.34,2.19,0.59,54.1,8235.12,0
3.28,3.16,1.51,2.34,10.68,0.53,0.35,-0.19,-0.02,0.13,1.12,12.04,11.84,0.71,0.61,15.28,1562.03,0
2.26,1.04,0.19,2.73,8.57,0.34,0.55,0.11,0.08,-0.11,0.8,9.34,17.64,3.25,4.23,39.08,429.41,0
2.52,0.98,1.82,1.1,5.7,0.56,0.33,-0.17,0.22,0.45,1.75,2.1,3.78,5.86,1.23,55.45,7208.92,0
2.22,0.4,1.72,0.26,13.71,0.33,0.1,0.18,0.14,0.12,1.05,9.6,5.39,0.56,5.37,30.51,2838.64,0
1.18,2.39,1.37,1.76,0.8,0.4,0.23,0.04,-0.06,0.31,1.64,3.21,9.57,4.86,5.57,10.69,7159.24,0
3.03,1.48,1.23,1.05,5.08,0.01,0.51,0.13,0.12,0.06,1.25,7.9,17.5,6.55,5.86,30.18,5573.1,0
1.48,3.07,1.8,0.99,1.32,0.55,0.39,0.23,0.18,-0.19,1.59,8.17,14.35,1.96,5.63,25.67,1132.63,0
0.59,1.81,0.45,4.32,11.61,0.53,0.39,0.41,0.22,-0.13,0.8,13.2,16.37,4.98,1.63,36.77,9324.69,0
2.76,3.4,0.25,2.77,10.68,0.03,0.52,0.26,0.15,0.15,1.7,7.21,7.34,6.84,3.06,29.13,4550.53,0
1.12,0.89,0.56,2.51,5.3,0.29,0.54,0.1,-0.04,0.28,0.69,4.55,17.87,6.75,1.05,5.95,7357.75,1
3.79,3.08,1.61,1.87,10.3,0.78,0.55,0.37,0.18,0.03,1.18,3.85,3.65,1.95,4.84,59.67,5035.15,0
3.84,2.79,0.17,1.93,6.24,0.34,0.06,0.43,0.17,0.29,0.59,13.18,2.85,1.06,5.33,34.89,6063.4,0
3.7,2.77,1.21,2.43,11.47,0.4,0.33,-0.12,-0.09,0.29,1.06,2.98,15.69,1.38,5.11,31.05,3062.6,0
1.8,3.0,1.99,3.13,7.09,0.73,0.44,0.17,0.06,0.29,0.77,6.68,16.84,5.03,2.6,57.5,2043.59,0
0.55,2.74,1.73,3.16,6.48,0.57,0.45,-0.0,0.03,0.14,0.68,3.21,3.45,5.19,4.55,13.57,5448.57,0
3.75,2.3,1.09,0.77,14.05,0.47,0.36,-0.17,0.17,0.44,1.94,11.71,3.81,4.85,0.59,15.41,4430.18,0
2.0,0.72,0.22,2.25,4.14,0.64,0.1,0.27,-0.01,0.14,0.49,7.38,2.53,2.62,0.24,49.44,3931.63,0
3.88,0.4,1.68,1.85,2.25,0.69,0.48,0.4,0.14,0.12,1.62,5.59,3.67,1.52,4.52,19.35,6742.04,0
3.87,3.25,1.24,3.92,8.98,0.37,0.43,-0.09,0.27,-0.06,1.97,5.74,5.35,4.23,2.55,48.96,6920.54,1
3.49,2.27,0.32,2.84,14.56,0.38,0.05,0.37,0.22,0.02,0.24,12.86,17.52,3.59,5.97,19.93,506.9,1
1.53,2.85,0.28,2.4,5.98,0.31,0.28,0.4,0.27,-0.17,1.46,8.53,12.69,5.21,0.58,6.83,3420.51,0
1.85,1.84,1.83,0.52,1.4,0.77,0.1,0.44,0.29,0.24,0.66,10.91,14.46,3.31,5.13,33.44,4147.06,0
3.48,0.68,1.37,2.73,5.42,0.56,0.2,-0.01,-0.1,-0.03,0.27,13.51,14.42,2.64,2.88,15.82,1014.08,0
1.61,0.7,1.68,0.53,7.84,0.07,0.01,0.43,0.15,0.01,0.93,13.58,10.56,2.34,4.96,46.68,2397.21,0
1.09,2.49,1.77,1.52,2.85,0.69,0.24,0.02,0.07,0.34,1.88,5.26,14.76,1.8,4.9,40.27,563.84,0
2.45,1.68,1.19,0.64,10.04,0.38,0.33,0.19,0.24,0.03,0.22,14.31,11.53,2.15,5.5,55.8,9962.61,0
3.78,0.94,1.08,3.11,14.97,0.06,0.37,-0.16,0.0,-0.03,1.26,0.86,7.03,1.03,1.79,48.06,7378.74,0
2.94,1.87,0.92,0.93,7.05,0.44,0.4,-0.17,0.29,-0.08,1.1,5.96,10.98,2.69,5.7,14.94,920.13,1
2.5,0.51,0.7,1.76,5.64,0.33,0.5,0.3,0.15,0.34,1.77,13.49,10.54,0.64,0.91,49.01,251.48,1
0.84,2.16,0.93,4.03,6.31,0.7,0.13,0.11,0.22,-0.11,0.35,4.48,15.18,1.63,0.49,40.3,7206.91,0
2.65,1.16,1.57,0.92,2.17,0.16,0.07,-0.02,-0.07,0.12,1.43,4.46,17.71,5.33,2.59,41.79,4419.96,0
3.97,2.85,1.24,2.29,13.31,0.66,0.51,-0.07,-0.03,0.15,1.42,4.89,8.58,2.55,4.97,50.77,7878.63,0
0.99,1.29,1.8,1.89,6.51,0.45,0.09,0.27,0.2,0.28,1.4,9.38,14.21,4.81,2.84,36.56,9238.59,0
2.31,1.76,0.94,0.08,6.12,0.04,0.58,-0.2,-0.09,0.24,1.9,6.86,3.6,5.13,4.98,30.63,6013.04,0
3.57,0.34,1.25,3.57,10.07,0.78,0.51,0.36,0.23,0.37,1.68,11.04,14.43,4.24,4.38,40.02,1911.73,1
3.09,0.53,1.3,0.31,6.91,0.41,0.3,-0.14,-0.09,-0.17,0.28,13.48,7.94,6.73,1.26,21.39,7832.83,0
2.94,1.56,1.22,2.13,9.9,0.23,0.59,-0.07,0.16,0.01,1.05,10.28,2.63,0.54,5.69,15.04,9560.33,0
2.96,1.84,1.44,2.52,1.39,0.38,0.06,0.07,0.05,-0.0,0.92,3.46,7.81,5.28,0.36,38.91,5823.3,0
1.76,2.22,0.55,2.83,12.3,0.69,0.18,0.14,0.14,-0.1,0.76,14.02,11.77,6.73,5.39,17.86,6835.87,0
1.53,1.23,1.07,3.1,14.14,0.24,0.38,0.05,0.18,0.0,1.01,4.34,3.91,6.09,1.83,9.4,3407.87,0
3.33,2.52,0.3,1.14,9.91,0.15,0.21,0.02,0.04,0.02,0.89,2.67,16.78,1.51,3.0,5.03,3846.2,0
3.34,3.05,0.83,0.04,14.34,0.1,0.56,0.47,-0.06,0.17,0.98,1.8,3.24,2.56,2.53,38.46,7359.81,1
3.53,2.8,1.03,3.26,2.7,0.24,0.04,0.25,-0.07,0.26,1.96,8.67,16.88,1.54,1.03,24.92,9281.32,0
3.7,0.43,1.34,2.41,7.42,0.62,0.33,-0.18,0.14,0.07,0.36,2.15,13.31,4.37,2.15,46.38,6308.43,0
2.29,1.84,1.91,3.76,9.23,0.38,0.35,0.1,0.11,0.3,1.86,2.51,7.28,5.1,1.16,25.63,7908.99,0
2.26,0.64,1.24,3.7,8.94,0.18,0.39,0.41,0.2,0.04,1.06,4.85,8.25,2.49,1.22,31.73,1757.77,0
3.29,1.07,1.51,3.79,6.32,0.13,0.15,0.01,0.1,0.0,1.32,4.58,13.85,3.96,1.12,27.39,2158.99,0
2.77,3.46,1.06,2.18,5.4,0.27,0.22,-0.13,0.07,0.18,1.69,9.26,11.62,4.96,2.93,40.78,5343.75,0
2.96,0.76,1.3,1.5,2.34,0.75,0.51,0.33,0.06,-0.18,0.85,12.34,12.75,3.18,4.79,24.59,1806.71,0
3.29,1.9,0.23,3.56,6.18,0.27,0.12,0.22,-0.09,-0.14,0.97,11.54,8.23,6.04,3.41,58.01,6368.2,0
3.62,2.28,0.58,2.03,2.86,0.79,0.5,0.2,0.03,0.09,0.94,4.31,9.81,5.49,5.36,56.49,2951.95,0
1.68,2.55,0.79,0.83,11.15,0.39,0.34,-0.16,0.29,0.46,0.87,4.06,17.84,0.83,3.82,51.64,7925.75,0
1.81,2.09,1.0,3.85,3.53,0.14,0.46,-0.1,0.25,0.31,1.87,14.5,5.42,4.5,4.14,55.62,8090.7,0
0.83,0.33,0.19,3.97,1.35,0.71,0.43,0.24,0.03,-0.14,1.69,0.62,8.69,1.95,4.01,29.7,4664.69,0
2.52,1.34,0.37,2.1,8.51,0.37,0.12,-0.05,0.14,0.39,0.4,13.26,6.67,4.08,2.7,34.5,1849.07,0
0.63,1.96,0.63,0.34,9.13,0.57,0.34,0.15,0.24,0.31,0.39,3.4,14.24,6.72,4.14,45.82,6485.41,0
2.13,0.58,1.95,1.75,13.14,0.79,0.52,0.18,0.08,0.23,0.97,14.24,14.22,6.2,0.42,43.29,9928.23,0
2.4,1.42,0.73,3.62,8.87,0.04,0.26,-0.0,-0.09,0.37,0.38,5.46,6.68,3.07,5.16,53.99,6244.78,0
1.5,0.41,1.02,4.06,5.51,0.08,0.58,0.46,-0.07,0.08,1.31,6.89,3.3,2.32,4.67,44.4,405.96,0
2.57,0.55,0.47,0.92,12.14,0.58,0.27,0.39,0.1,-0.04,0.46,10.75,2.18,1.95,1.47,59.88,222.08,0
0.61,1.57,1.26,0.3,8.33,0.23,0.09,0.31,0.29,0.16,1.14,9.02,8.84,3.91,4.61,24.17,3237.6,0
0.63,0.72,0.63,3.95,1.65,0.15,0.23,-0.15,0.18,0.18,0.21,5.11,8.57,1.15,0.08,50.81,1998.05,1
3.38,2.12,0.49,1.75,8.7,0.03,0.57,-0.13,-0.07,0.18,0.77,8.53,17.81,4.03,1.3,43.37,8139.86,0
1.76,2.51,1.08,2.44,13.67,0.02,0.19,0.14,-0.02,0.2,1.42,11.1,9.52,0.41,0.39,43.03,8455.82,1
0.94,2.86,0.11,4.36,6.25,0.62,0.52,-0.09,0.21,0.46,1.07,1.11,6.1,2.54,4.68,22.92,2623.26,0
2.33,0.94,0.11,0.3,4.8,0.11,0.53,0.48,0.24,0.43,1.96,0.66,16.26,1.85,4.54,48.21,3290.17,0
3.19,0.84,0.52,2.92,2.58,0.37,0.21,-0.09,0.15,0.41,1.77,7.14,9.86,6.81,4.88,54.52,2400.66,1
1.26,0.63,0.17,0.33,2.7,0.48,0.05,0.14,0.16,0.36,0.85,2.41,11.59,5.2,0.03,17.02,9088.41,1
2.68,2.34,0.31,1.69,6.78,0.34,0.43,0.05,-0.09,0.46,0.28,10.13,3.53,2.71,3.01,39.4,5051.36,0
0.8,2.56,0.74,3.62,9.14,0.02,0.19,0.25,0.23,-0.13,1.72,3.6,8.13,1.01,4.23,26.57,6578.56,0
0.68,0.4,1.62,1.95,1.67,0.63,0.47,-0.11,0.22,-0.01,1.84,6.78,17.11,3.81,0.93,59.43,4184.05,0
2.36,3.3,1.19,4.49,14.12,0.01,0.27,0.1,0.0,0.15,1.68,3.37,11.43,1.81,3.9,31.34,6328.59,0
2.39,0.47,1.07,2.52,11.45,0.61,0.29,-0.01,0.18,0.39,0.43,8.45,7.51,3.94,0.5,17.56,3889.26,0
2.73,2.03,0.66,1.45,9.01,0.71,0.47,0.42,-0.01,0.15,2.0,2.18,12.01,5.91,1.09,26.0,3429.8,0
3.04,2.57,1.87,0.99,12.51,0.35,0.23,-0.17,-0.08,0.32,0.67,0.84,16.57,4.46,2.85,40.96,6363.08,1
3.92,3.09,0.85,1.58,1.66,0.43,0.27,0.44,-0.02,-0.1,1.5,1.24,6.38,4.58,3.92,9.18,5931.07,0
2.31,2.59,0.27,1.68,7.41,0.38,0.23,0.38,-0.03,-0.02,1.83,14.34,10.08,3.97,0.88,38.2,2970.6,0
1.63,2.87,1.27,0.31,9.64,0.31,0.22,0.01,0.04,0.31,0.62,2.56,17.34,6.52,1.11,56.22,1536.02,0
3.28,1.39,0.32,1.66,12.52,0.71,0.32,0.35,0.07,-0.08,1.83,10.77,4.76,6.55,1.23,51.77,3717.34,0
1.45,2.91,0.76,2.09,11.86,0.72,0.49,-0.18,0.1,0.05,0.76,1.48,13.51,3.78,1.43,8.72,4181.22,0
2.04,0.56,1.06,3.25,4.52,0.27,0.22,0.48,0.09,-0.01,1.96,2.07,11.83,2.42,1.36,59.64,6305.41,0
0.77,3.16,1.76,2.96,14.14,0.49,0.31,0.17,0.01,0.04,0.71,7.88,12.87,3.43,2.37,43.43,9149.56,0
0.59,2.05,1.04,3.19,2.3,0.74,0.4,0.01,-0.09,0.3,1.92,7.24,7.62,1.63,3.92,13.93,410.04,0
3.87,2.92,1.43,0.04,13.19,0.77,0.16,0.05,0.14,0.06,0.3,14.3,7.02,4.6,2.63,5.68,2474.43,0
3.43,1.75,1.99,0.98,14.58,0.41,0.17,-0.15,0.06,0.19,1.48,14.2,12.95,3.7,4.66,14.42,1977.47,0
2.94,2.36,0.35,2.98,3.07,0.36,0.56,0.49,0.02,-0.13,1.16,11.8,5.45,1.08,4.32,51.1,5047.83,0
1.93,1.98,0.62,2.18,10.97,0.22,0.43,-0.17,0.25,0.36,1.06,9.23,8.71,1.7,0.76,6.19,4325.52,0
1.11,2.64,0.85,0.02,1.08,0.77,0.35,0.26,0.2,0.06,0.6,7.1,5.01,3.57,0.29,17.82,7303.92,0
1.05,0.56,0.9,3.62,6.38,0.11,0.39,0.11,0.24,0.25,1.47,5.66,2.13,6.26,5.27,46.65,2462.04,1
1.38,0.49,0.88,3.48,7.99,0.46,0.02,0.46,0.1,0.31,0.54,14.23,17.52,4.14,0.48,37.24,5965.26,0
2.42,1.09,1.82,2.47,8.92,0.23,0.37,-0.03,-0.05,-0.05,1.2,9.24,8.91,4.9,0.89,48.05,8844.38,0
3.0,0.81,1.46,0.3,14.07,0.22,0.31,0.17,0.18,0.42,0.66,8.9,17.51,2.64,0.13,46.04,9111.24,0
2.81,3.09,1.26,3.45,10.25,0.32,0.33,0.14,-0.02,0.23,1.92,3.86,4.25,4.17,3.77,7.78,9589.91,0
1.48,1.0,0.69,2.63,7.48,0.8,0.22,0.29,0.08,0.1,0.25,1.18,11.4,3.35,3.49,54.09,7743.95,0
3.84,3.42,1.67,3.52,12.24,0.04,0.05,-0.15,-0.07,-0.07,0.56,14.21,5.22,4.75,5.92,17.49,9064.58,0
3.08,1.38,1.91,3.38,14.28,0.46,0.12,-0.06,0.23,0.46,0.64,5.05,14.64,0.73,5.32,35.44,2383.58,1
2.44,0.88,1.66,3.61,0.82,0.07,0.57,-0.05,-0.05,0.33,0.95,6.92,14.54,3.66,2.47,40.44,2015.93,0
2.64,2.83,0.1,2.33,14.75,0.12,0.25,0.32,0.26,-0.05,0.62,2.16,3.8,2.35,2.23,14.27,114.56,0
1.97,2.41,1.31,0.63,1.75,0.35,0.28,-0.07,0.25,0.04,1.08,12.64,16.59,2.55,1.78,58.69,7083.1,0
1.37,1.89,0.2,3.02,12.31,0.41,0.03,0.2,0.09,0.37,1.77,0.9,5.11,6.74,0.91,31.85,9377.8,0
1.75,2.08,0.59,2.79,4.56,0.21,0.02,-0.05,0.2,0.29,1.48,12.59,11.81,1.61,0.83,8.17,1910.01,0
3.15,2.6,0.21,3.34,2.42,0.25,0.43,0.4,0.15,0.34,1.24,2.53,17.77,2.45,0.79,56.55,6387.59,0
0.55,1.03,1.25,0.76,6.88,0.07,0.32,0.46,0.22,0.11,0.36,13.36,16.12,3.77,0.68,37.24,7477.27,0
0.91,3.49,1.4,0.88,9.84,0.24,0.31,0.16,0.07,0.3,1.45,11.08,17.31,6.1,1.44,43.46,9279.76,1
0.66,3.42,0.32,4.01,6.02,0.77,0.15,0.05,0.21,0.07,0.5,2.89,7.48,3.15,1.84,33.88,6486.26,0
0.64,2.38,0.83,3.37,1.29,0.76,0.45,-0.04,0.08,-0.05,1.62,8.7,3.69,5.31,5.77,50.91,9704.42,1
3.49,0.94,0.97,4.09,9.19,0.27,0.1,-0.17,0.28,0.24,0.65,5.03,5.01,6.05,3.47,6.82,3479.5,0
2.96,2.48,0.8,3.41,13.58,0.46,0.11,-0.01,0.09,0.48,0.95,3.08,10.01,2.45,5.93,19.76,3531.79,0
2.16,0.53,0.33,2.69,6.06,0.73,0.28,0.26,0.09,0.02,0.83,12.96,14.69,2.99,2.23,30.83,5452.97,0
0.84,0.4,0.9,2.94,3.64,0.0,0.17,0.17,0.21,0.12,1.75,6.35,4.4,2.75,2.75,9.21,3865.84,0
2.22,1.12,1.53,4.0,6.92,0.65,0.15,0.46,0.23,0.27,0.43,6.28,12.56,5.9,1.95,43.82,64.19,0
2.16,1.78,0.23,2.6,1.2,0.76,0.39,0.08,0.12,0.18,1.22,2.96,7.18,0.69,1.1,26.65,7331.13,0
1.11,3.08,0.25,2.85,12.4,0.07,0.39,0.29,-0.03,0.39,0.46,6.05,7.46,2.44,0.86,20.0,7529.58,0
2.02,2.63,0.77,0.7,12.48,0.13,0.49,0.14,0.09,0.33,1.47,13.14,12.59,4.88,5.67,5.19,7482.4,0
1.89,2.68,1.89,2.13,9.03,0.77,0.25,0.16,0.29,-0.16,1.83,5.77,9.47,4.13,5.92,44.59,3482.96,0
2.66,1.66,1.37,3.22,5.62,0.43,0.04,-0.01,0.2,0.5,0.98,14.3,14.99,3.28,0.27,50.86,5246.78,0
2.72,1.41,1.39,1.22,12.1,0.01,0.16,0.12,0.22,0.33,1.08,14.22,4.49,3.96,0.9,26.73,3631.74,0
0.66,1.49,0.79,0.91,8.54,0.21,0.59,0.13,-0.09,0.4,1.87,2.6,14.64,1.7,2.54,36.03,209.56,0
1.81,3.46,1.23,1.41,12.48,0.36,0.36,0.29,0.09,0.26,1.14,3.07,3.03,3.24,1.12,17.52,5646.37,0
2.69,0.43,0.12,1.09,9.66,0.55,0.43,0.46,0.16,0.4,1.08,13.01,5.1,3.71,2.18,39.22,1281.42,0
2.26,3.07,1.31,0.97,11.87,0.59,0.0,0.03,0.23,-0.12,1.24,6.2,12.5,6.35,0.77,5.67,846.41,0
3.5,2.15,1.84,1.91,9.18,0.8,0.31,-0.17,-0.08,0.04,1.44,0.56,15.68,2.12,2.74,31.88,7567.22,0
2.81,1.7,1.26,4.09,6.51,0.23,0.02,0.15,0.24,0.41,0.39,4.47,6.04,6.13,1.63,40.43,144.59,0
1.07,2.62,1.76,2.28,14.39,0.43,0.34,0.18,0.12,-0.06,1.68,9.17,7.24,4.65,2.11,55.5,9592.13,0
0.75,1.86,1.48,0.85,8.35,0.43,0.55,-0.08,-0.02,-0.15,0.98,12.09,10.59,0.53,0.57,25.97,5176.79,0
2.75,3.09,0.33,0.35,9.27,0.32,0.58,0.33,0.03,0.35,0.33,2.43,5.39,5.18,2.57,47.09,9831.01,0
0.59,3.18,1.81,3.13,3.7,0.14,0.32,0.49,0.01,0.38,1.62,2.1,14.98,0.63,5.9,37.87,627.08,0
2.55,1.65,0.23,1.72,9.57,0.78,0.27,0.46,0.11,-0.09,0.88,13.87,14.38,6.98,1.97,55.99,5856.12,0
3.79,1.19,1.11,3.7,8.79,0.68,0.57,-0.06,-0.08,0.4,0.38,11.39,4.32,6.16,5.26,26.91,3525.8,1
2.51,2.2,0.37,2.97,3.18,0.4,0.4,0.41,-0.04,0.28,1.34,9.05,9.42,2.36,5.06,22.55,8442.65,0
1.86,3.22,0.12,3.58,1.36,0.48,0.04,0.29,0.23,0.16,1.78,11.65,14.4,2.1,5.71,53.79,3644.17,0
2.75,0.97,0.9,1.22,9.26,0.18,0.28,0.12,-0.05,0.38,1.8,6.72,7.4,2.92,4.74,7.71,2641.85,0
2.1,2.29,0.66,3.12,11.57,0.44,0.14,0.18,-0.01,0.09,1.92,11.5,12.13,2.75,3.96,12.5,8582.65,1
2.41,2.32,1.02,1.19,8.09,0.56,0.28,0.39,0.08,-0.06,1.76,5.89,2.8,2.86,5.14,9.53,3777.8,0
3.8,2.65,1.2,4.23,3.79,0.41,0.27,0.14,0.11,-0.0,0.2,4.04,11.74,2.5,0.45,51.37,217.49,0
1.85,0.72,0.18,2.86,10.16,0.79,0.35,0.06,0.21,0.15,0.88,11.07,4.44,4.5,2.78,5.58,3933.38,1
3.86,2.59,0.33,1.46,1.66,0.49,0.21,0.15,0.08,0.17,1.67,6.59,15.29,1.48,5.94,52.39,6562.5,0
3.67,3.21,1.16,1.21,6.91,0.3,0.1,0.21,0.22,0.36,0.86,14.73,7.69,5.98,4.62,29.82,2580.88,1
1.19,0.87,0.75,0.86,2.87,0.62,0.3,-0.07,0.15,0.35,1.28,5.57,6.5,5.76,5.77,5.22,4348.28,0
0.74,1.06,1.49,3.13,3.17,0.14,0.5,0.43,-0.05,0.21,1.29,13.87,15.45,3.54,4.68,27.09,614.32,0
0.85,3.41,1.34,0.98,3.43,0.31,0.4,0.27,-0.04,0.35,0.86,14.03,2.8,6.03,5.25,15.27,5901.52,0
0.56,0.88,1.71,2.68,6.11,0.28,0.2,0.24,0.07,-0.07,1.83,4.01,8.35,2.03,4.24,39.34,7575.13,0
0.83,3.03,1.42,1.19,1.24,0.35,0.56,-0.13,0.06,-0.16,1.11,12.07,7.92,0.52,4.56,42.36,4162.46,0
2.89,1.88,0.92,2.98,6.27,0.63,0.55,0.22,0.2,0.41,1.04,6.78,6.56,4.49,3.14,31.81,4231.31,0
0.75,1.09,1.38,3.67,7.92,0.39,0.13,-0.12,0.13,-0.15,2.0,13.8,16.59,3.42,5.55,7.23,928.41,0
1.62,3.09,0.62,3.5,7.51,0.64,0.02,-0.14,0.06,-0.03,1.09,7.03,14.01,4.14,4.95,41.09,2059.31,1
3.46,1.72,0.68,3.42,6.05,0.46,0.44,0.17,-0.03,0.29,0.52,11.29,3.02,6.34,5.06,51.31,1589.02,0
0.58,1.95,1.6,0.84,12.67,0.27,0.5,0.08,-0.01,0.09,1.12,7.27,13.43,6.8,4.04,44.62,4842.79,0
3.35,1.45,0.95,0.4,2.61,0.65,0.58,0.21,0.13,0.41,1.67,3.8,10.44,4.59,1.83,50.65,5316.09,1
1.49,2.2,1.62,3.15,7.83,0.19,0.53,-0.14,0.07,0.01,1.6,3.39,16.41,5.44,0.21,16.03,9491.95,0
0.91,0.82,1.66,1.66,1.4,0.18,0.36,0.1,0.11,-0.19,1.62,6.67,7.01,0.95,5.61,53.89,778.65,0
2.94,1.55,1.73,1.95,1.53,0.4,0.32,-0.08,-0.03,0.01,1.47,11.45,11.19,1.46,3.52,22.72,6018.69,0
2.7,3.4,1.84,0.14,8.82,0.21,0.02,0.49,0.17,0.2,0.66,9.27,10.01,5.24,1.79,5.74,5288.66,0
3.57,1.13,0.92,1.17,8.71,0.01,0.15,0.19,0.24,0.06,1.75,10.49,9.83,3.25,0.89,51.39,5186.52,0
3.07,2.4,0.71,0.15,13.23,0.52,0.28,0.28,0.0,0.17,1.81,4.59,9.3,3.34,4.98,56.8,8737.93,0
3.31,1.34,1.21,3.96,8.59,0.41,0.38,0.03,0.1,0.41,0.55,7.48,5.29,2.44,5.02,41.06,2095.11,0
1.49,2.78,0.81,1.1,14.42,0.36,0.33,-0.13,0.29,0.44,0.43,1.14,14.09,4.41,4.89,17.73,455.69,0
1.12,0.72,1.24,2.51,1.21,0.77,0.45,0.48,0.03,-0.01,1.96,12.35,9.22,1.62,3.87,18.85,6739.1,0
3.13,3.4,1.44,0.18,1.92,0.46,0.17,0.0,0.14,0.12,1.76,14.85,17.34,4.54,2.2,30.66,3484.32,0
3.32,1.75,1.41,3.0,1.14,0.69,0.34,0.1,-0.06,0.18,1.81,6.4,6.17,1.55,1.82,54.38,225.02,0
3.97,1.06,0.81,1.45,3.19,0.11,0.05,0.25,0.14,0.46,1.8,0.66,12.92,0.82,0.05,13.23,2551.17,0
1.94,0.54,0.42,4.04,8.35,0.46,0.25,-0.18,-0.06,0.5,1.18,2.96,17.05,2.58,5.0,50.43,3127.8,1
1.8,0.84,0.92,4.0,9.86,0.69,0.45,0.37,0.28,-0.04,1.36,9.96,12.62,1.93,0.52,21.02,6187.54,1
3.22,1.96,0.37,1.46,1.16,0.47,0.42,0.18,0.19,0.31,1.18,9.38,15.94,6.27,3.78,49.47,1767.23,0
1.69,1.38,1.79,4.05,14.22,0.57,0.59,-0.01,0.22,0.06,0.29,11.92,15.24,0.76,3.02,55.61,4159.89,0
3.76,2.95,0.76,4.48,12.71,0.3,0.17,-0.16,0.18,-0.19,1.54,4.18,7.76,1.57,3.16,28.51,4850.63,1
3.5,1.68,0.39,3.71,4.8,0.07,0.3,-0.09,0.14,-0.19,1.11,11.57,11.6,4.02,5.56,25.08,4619.41,0
2.0,1.1,0.15,3.8,1.62,0.37,0.2,0.43,0.08,0.12,1.37,10.48,4.5,3.58,0.19,49.12,9740.71,0
3.13,2.27,1.33,1.12,2.96,0.32,0.26,0.28,0.24,0.14,1.1,5.18,10.57,0.7,4.64,34.12,502.77,0
3.14,2.56,1.31,2.6,2.34,0.69,0.51,-0.03,0.28,-0.18,1.09,8.41,5.69,0.45,0.31,42.64,9512.13,1
0.86,0.83,0.75,0.3,2.29,0.2,0.41,-0.15,0.1,0.28,0.51,2.64,13.9,6.92,0.23,39.26,5840.28,0
3.66,0.84,0.24,0.43,8.02,0.77,0.53,0.28,0.27,0.01,0.7,7.06,10.45,4.75,2.58,13.41,7967.49,0
2.27,0.42,0.88,4.5,4.06,0.77,0.12,0.2,0.13,0.19,0.49,13.28,8.58,2.81,0.38,51.46,4332.41,0
3.39,2.66,0.69,1.47,5.69,0.2,0.52,0.08,0.12,0.01,0.55,6.61,6.3,3.5,4.73,15.77,4565.69,0
1.62,2.42,1.39,3.37,14.85,0.28,0.04,0.05,0.08,-0.08,1.95,12.67,17.98,2.16,3.18,56.28,8799.3,0
3.63,1.82,1.25,3.63,10.42,0.72,0.53,-0.05,-0.02,0.09,0.48,9.06,3.15,2.68,0.17,18.78,8964.55,0
1.86,3.0,0.79,3.86,14.26,0.77,0.2,0.27,-0.1,-0.04,0.68,3.28,2.7,4.68,0.24,45.36,2424.95,0
0.54,2.88,0.51,4.49,2.57,0.35,0.19,0.48,-0.0,0.17,1.26,8.93,5.48,6.23,3.68,20.66,2032.46,0
3.67,2.17,1.98,1.09,6.04,0.26,0.31,-0.08,0.1,-0.06,1.3,7.84,17.54,1.62,4.84,22.48,4987.54,0
0.82,3.08,0.96,0.18,8.54,0.42,0.56,0.22,0.05,0.16,0.48,6.28,17.67,5.95,2.63,22.05,9007.76,0
1.62,0.96,1.41,1.85,1.61,0.55,0.03,0.1,0.08,-0.09,1.63,2.23,12.48,1.2,3.33,46.13,3257.43,0
3.83,0.66,0.37,0.59,0.56,0.22,0.21,0.11,0.29,0.27,1.61,6.54,16.08,1.82,4.8,35.62,6537.55,0
3.83,1.16,1.02,0.1,10.22,0.59,0.51,-0.02,0.04,0.33,0.63,1.56,5.42,0.65,3.66,53.56,7096.11,0
2.51,0.48,0.15,1.62,9.81,0.04,0.24,0.38,0.08,-0.12,0.72,1.93,17.55,1.33,1.35,21.91,7797.81,0
2.71,2.0,1.06,3.53,6.46,0.04,0.12,0.14,-0.05,0.13,1.89,6.53,4.28,6.45,3.68,43.06,5661.05,0
2.07,3.3,1.93,2.55,7.6,0.31,0.25,0.18,-0.08,-0.15,1.69,4.93,3.62,3.43,3.77,46.41,4054.43,1
1.53,0.43,0.83,1.41,6.52,0.28,0.23,0.01,0.21,0.22,1.46,13.92,3.8,0.91,4.4,13.33,9671.81,0
1.65,0.69,0.17,2.94,0.85,0.25,0.55,-0.07,0.13,-0.01,0.35,5.95,11.17,6.73,3.73,27.03,6132.74,0
2.85,1.75,0.16,1.04,5.36,0.39,0.46,-0.14,0.2,0.17,0.95,11.49,14.5,6.2,5.82,31.55,7299.22,0
3.13,3.29,0.84,0.06,3.07,0.26,0.3,0.3,-0.04,0.16,1.21,8.19,7.87,5.38,1.18,24.56,3482.58,0
3.27,1.31,0.4,3.44,1.93,0.15,0.59,-0.06,0.13,0.45,0.54,10.71,17.65,6.56,5.71,22.72,6715.99,1
3.26,1.92,0.14,2.81,14.37,0.25,0.28,0.28,0.0,0.18,1.01,4.27,8.95,1.85,3.23,42.75,2615.09,0
0.82,0.43,1.54,3.43,9.19,0.78,0.03,0.07,-0.01,0.21,1.28,14.16,4.41,5.92,4.03,16.87,2488.71,0
2.23,0.77,0.97,0.18,11.07,0.33,0.16,0.09,-0.1,0.08,0.79,8.19,9.46,4.95,0.6,44.02,7161.49,1
0.7,3.46,0.65,3.77,5.07,0.36,0.26,0.13,-0.05,0.46,1.61,12.55,12.86,6.14,2.28,56.43,5237.88,0
2.42,3.39,1.81,2.79,6.2,0.46,0.09,0.06,0.02,0.34,1.71,5.79,15.32,5.66,4.62,36.09,6848.6,0
2.05,0.32,0.32,2.54,3.94,0.79,0.57,-0.13,-0.05,-0.0,0.78,1.95,9.34,2.69,4.24,38.63,2730.91,0
3.61,3.35,1.92,2.81,1.91,0.19,0.46,0.02,0.29,0.39,1.71,10.27,11.5,5.51,0.24,8.79,6007.3,0
1.73,2.35,0.7,3.89,3.1,0.55,0.16,0.26,0.02,0.1,0.39,0.61,6.28,2.13,3.28,52.55,4467.14,1
0.91,3.08,1.79,2.64,12.06,0.57,0.35,0.27,-0.05,0.38,1.71,7.39,12.33,2.57,0.53,20.7,5989.75,0
1.0,1.76,1.25,2.61,10.32,0.49,0.43,0.0,-0.02,0.38,0.47,3.3,17.78,1.11,5.98,38.83,2944.25,1
3.17,1.95,1.67,4.46,8.43,0.07,0.56,0.12,0.14,-0.07,0.35,9.6,2.78,6.57,5.38,58.85,7168.74,1
2.66,1.86,1.97,3.41,7.39,0.54,0.53,-0.06,-0.07,0.29,1.36,14.7,16.18,2.32,0.13,37.75,8069.0,0
0.85,2.43,0.65,1.99,13.88,0.05,0.31,-0.05,0.24,0.0,1.05,7.23,11.0,3.84,5.15,44.86,2636.17,0
0.79,0.75,1.93,3.18,1.55,0.48,0.46,-0.18,0.28,0.01,1.83,12.35,6.03,2.98,5.52,29.49,3041.17,0
2.95,0.4,0.84,1.75,4.57,0.59,0.34,0.43,-0.0,0.01,0.85,7.86,17.28,6.74,2.12,8.32,6628.48,0
0.75,1.29,0.83,1.03,5.57,0.17,0.33,-0.05,0.08,0.31,0.72,7.69,9.73,2.61,4.32,48.87,6971.07,0
3.38,2.55,0.75,2.69,11.85,0.67,0.07,-0.04,-0.09,-0.04,1.1,13.99,7.31,5.54,2.65,6.92,7055.79,0
2.97,0.95,1.13,4.18,14.89,0.02,0.08,-0.0,0.16,-0.2,1.02,13.4,4.9,6.05,3.93,43.54,6842.85,0
0.78,2.45,0.39,4.18,3.99,0.68,0.32,-0.11,0.07,0.3,0.82,11.89,5.91,3.28,2.04,6.26,3958.44,1
0.8,3.4,1.15,1.54,13.18,0.37,0.16,0.25,0.01,-0.08,1.45,4.8,15.33,2.9,1.94,52.43,3978.79,0
3.95,0.6,1.13,2.37,12.54,0.17,0.01,-0.15,-0.02,-0.13,1.57,8.4,11.83,5.34,2.55,13.67,2585.44,0
1.81,2.45,1.55,0.95,3.76,0.11,0.43,-0.11,0.16,-0.03,1.74,3.75,16.61,6.43,0.87,33.28,1610.5,1
1.8,1.72,1.68,4.48,6.29,0.76,0.02,0.25,0.07,0.07,1.95,6.94,5.71,5.38,4.99,37.84,6941.14,0
3.34,3.08,0.94,4.42,6.44,0.06,0.36,0.04,-0.03,0.13,0.68,7.52,3.94,1.9,2.09,30.16,977.23,0
3.82,0.87,0.67,2.92,14.68,0.16,0.32,0.3,0.18,-0.17,1.49,12.56,2.1,6.26,2.4,23.74,9381.03,0
3.95,2.52,0.59,3.62,3.12,0.28,0.58,0.19,0.13,0.48,0.91,13.49,10.13,2.96,5.36,30.73,8275.53,0
3.14,2.98,0.47,3.22,12.09,0.5,0.29,-0.02,0.24,0.3,1.42,6.51,17.97,4.2,2.98,22.13,8582.18,0
1.82,3.32,0.21,2.67,5.35,0.44,0.04,0.26,-0.05,0.03,1.06,0.76,13.12,5.89,3.27,29.1,9071.35,0
0.79,2.49,0.75,0.24,11.1,0.1,0.33,-0.12,0.21,0.02,1.99,13.0,6.93,1.64,5.74,24.74,4115.62,0
3.22,1.89,0.61,2.05,6.59,0.23,0.5,0.18,0.17,0.11,1.51,3.03,16.03,5.58,5.32,36.14,8474.67,1
2.45,2.28,1.94,3.04,8.89,0.19,0.6,0.11,-0.05,0.24,1.91,9.52,14.51,4.33,1.02,18.09,1622.71,0
1.98,3.08,1.16,3.05,12.57,0.17,0.26,-0.01,0.18,-0.1,1.7,0.86,2.25,6.3,2.84,59.38,265.34,0
3.67,2.13,0.76,1.68,12.16,0.33,0.19,0.22,0.08,-0.07,1.83,6.29,15.07,1.54,5.83,32.55,7859.67,0
0.89,0.4,1.2,4.24,13.06,0.56,0.54,0.41,0.28,0.4,1.67,14.8,6.81,3.18,2.23,15.68,794.23,0
2.22,3.28,0.36,0.75,1.36,0.17,0.11,0.5,-0.04,-0.02,1.03,1.96,4.39,5.9,2.23,31.24,9885.82,0
0.54,2.51,0.94,2.25,10.53,0.29,0.37,0.23,0.16,0.07,0.65,6.64,5.62,0.53,1.17,52.65,6764.22,1
2.14,2.46,1.29,3.11,2.53,0.31,0.24,0.08,0.05,0.41,0.87,4.95,9.5,1.14,0.69,6.2,7546.82,0
0.7,0.99,1.03,3.14,6.53,0.78,0.02,-0.04,0.28,0.26,0.24,13.62,8.8,6.94,4.44,42.38,2495.75,0
0.92,2.41,0.86,2.92,8.45,0.76,0.21,-0.02,0.03,0.04,1.14,13.11,6.62,2.25,4.62,35.14,6754.96,0
0.91,1.56,1.99,1.24,6.34,0.64,0.16,0.14,0.28,0.28,1.11,3.95,4.76,6.84,5.81,14.33,480.04,0
2.77,2.38,1.77,0.7,8.03,0.19,0.41,0.06,0.26,-0.19,1.15,1.68,14.2,1.6,4.64,49.96,8386.37,0
3.11,0.64,1.28,2.86,14.95,0.05,0.57,0.44,0.01,0.31,1.95,9.59,17.84,2.78,1.46,25.29,1737.76,0
2.54,2.41,1.18,2.7,2.46,0.25,0.16,0.06,0.22,0.14,1.84,5.38,14.44,5.37,0.24,21.16,6988.71,0
3.87,3.5,1.28,0.81,10.29,0.21,0.49,0.06,0.3,0.37,0.49,10.25,6.73,4.74,5.91,50.55,2283.58,0
1.81,0.45,0.48,3.17,6.24,0.4,0.03,0.07,0.0,0.47,0.86,0.97,5.92,4.24,2.04,40.12,731.11,0
1.5,3.43,0.85,2.05,2.43,0.62,0.32,0.39,0.07,0.45,0.96,2.43,5.48,3.9,1.87,54.4,4840.86,0
3.54,1.6,0.17,3.0,2.8,0.69,0.04,0.26,0.11,0.44,0.85,10.45,4.19,5.97,5.44,39.64,1734.4,0
1.28,3.09,1.0,3.77,14.26,0.68,0.56,0.23,0.02,0.16,1.64,3.58,10.82,1.95,3.51,45.74,7307.97,1
3.87,2.8,1.13,0.76,13.25,0.29,0.46,0.03,-0.09,0.05,1.14,12.94,11.69,3.32,1.29,51.0,2413.78,0
0.54,2.11,0.53,0.09,13.65,0.55,0.39,0.37,-0.01,0.13,1.23,1.35,13.29,1.43,5.33,8.01,3457.6,0
3.89,2.66,1.93,3.51,14.88,0.25,0.49,-0.17,0.01,0.28,1.74,3.62,12.88,4.33,5.96,47.68,5696.02,0
0.65,3.11,1.83,2.74,3.52,0.05,0.39,0.41,0.08,0.42,1.65,14.98,6.68,2.05,0.52,38.75,2885.43,0
3.62,1.59,1.47,3.15,5.65,0.56,0.58,0.16,-0.03,-0.06,0.44,6.78,7.28,2.6,5.17,8.82,3810.98,0
2.35,1.35,1.11,3.77,10.2,0.01,0.43,0.08,0.25,0.44,1.49,10.69,12.9,3.51,2.34,32.97,8165.44,0
3.98,2.44,1.75,3.61,7.52,0.33,0.55,0.15,0.18,0.37,0.98,3.15,7.59,0.58,3.14,9.54,1833.14,0
0.76,2.89,0.35,4.32,6.57,0.26,0.31,0.27,-0.07,0.49,0.73,9.34,5.4,1.01,5.49,45.48,867.91,0
2.44,2.74,1.6,2.41,5.69,0.55,0.07,-0.19,0.16,0.42,0.29,11.03,7.99,4.93,5.84,35.06,3317.16,1
3.89,2.85,0.34,2.2,9.11,0.61,0.32,0.41,0.16,-0.0,1.08,5.06,6.35,3.23,1.57,57.45,4272.55,0
2.33,1.69,1.61,1.81,8.85,0.24,0.08,0.11,0.28,-0.13,0.84,12.52,3.41,6.11,1.28,15.07,5449.46,0
2.7,2.92,0.62,0.69,2.84,0.65,0.36,0.04,-0.1,-0.12,0.65,9.25,15.28,4.98,0.48,38.33,3755.62,0
2.94,0.68,1.77,2.58,7.34,0.24,0.29,-0.1,-0.0,0.0,1.45,6.14,15.65,0.45,3.37,16.64,7909.62,1
2.09,2.04,1.89,1.25,8.53,0.36,0.37,0.11,0.27,0.23,1.59,8.59,5.52,4.47,0.08,38.77,441.23,0
2.7,0.32,0.38,4.15,8.77,0.58,0.01,0.15,0.27,0.36,0.64,8.86,3.04,1.02,2.47,44.75,4346.09,0
2.55,1.34,0.98,2.62,3.55,0.55,0.12,0.08,0.19,0.43,0.29,2.9,13.82,5.55,0.44,44.73,3853.45,1
3.65,1.47,1.96,2.67,11.26,0.79,0.29,0.28,0.21,0.24,1.73,6.34,5.38,6.94,2.43,49.83,6493.41,0
0.66,1.57,1.02,1.6,0.87,0.18,0.57,0.09,-0.06,-0.2,0.22,5.48,8.29,3.91,0.24,51.95,9664.45,0
1.48,2.53,1.74,0.23,5.65,0.53,0.23,0.47,0.11,-0.07,1.89,6.31,3.03,4.91,5.01,9.25,5128.24,0
3.83,1.54,1.22,0.14,11.81,0.49,0.25,0.22,-0.01,-0.13,1.33,11.54,5.62,1.97,1.26,23.88,9869.42,1
3.62,1.74,0.81,1.91,8.68,0.73,0.43,0.37,-0.03,0.05,0.78,7.5,14.69,3.29,1.97,42.79,3057.38,1
2.09,1.06,0.64,0.38,4.29,0.13,0.36,-0.12,0.22,0.15,0.64,14.13,14.87,6.05,5.22,32.42,357.14,1
2.67,1.49,0.49,2.73,10.58,0.6,0.18,0.08,-0.05,-0.17,0.22,4.76,5.31,1.5,4.48,15.49,1698.35,0
1.47,1.03,1.55,3.96,8.73,0.45,0.25,0.04,0.09,0.04,0.62,6.53,7.37,2.15,1.31,35.4,3981.49,1
1.16,0.53,0.83,3.97,12.05,0.22,0.13,0.2,0.28,-0.07,0.45,11.91,4.15,3.34,0.43,27.41,3197.52,0
2.12,2.23,1.07,2.97,11.16,0.38,0.58,0.4,-0.03,0.25,1.3,8.42,3.19,5.1,4.29,26.45,1015.69,0
1.74,2.44,1.04,0.95,9.35,0.27,0.08,-0.15,0.29,0.12,0.5,8.43,17.87,2.88,2.34,49.54,4354.97,0
2.54,2.28,1.2,3.88,7.58,0.46,0.22,-0.15,0.3,0.15,1.15,1.27,12.49,6.52,4.6,27.42,3414.25,0
0.77,1.78,1.74,3.99,2.43,0.71,0.02,0.4,0.12,0.1,1.26,6.28,10.67,1.02,2.67,6.45,1270.06,0
3.91,1.52,1.96,0.88,4.29,0.46,0.13,-0.05,-0.03,0.47,0.74,4.43,14.25,2.85,2.08,8.19,2996.37,0
3.95,3.06,0.87,3.32,6.58,0.51,0.47,0.27,0.03,-0.05,0.26,14.99,15.44,5.08,2.71,52.09,8870.04,1
2.94,1.96,1.67,1.29,9.19,0.41,0.12,0.18,0.07,0.16,0.27,4.97,14.91,1.89,4.49,57.83,3055.39,0
2.38,1.83,1.55,3.61,7.95,0.04,0.05,0.38,0.02,0.32,0.25,13.33,2.26,4.73,5.41,42.86,7153.86,0
1.58,0.38,1.19,4.49,4.68,0.19,0.28,-0.11,0.01,0.19,1.53,10.31,4.99,1.48,0.3,25.04,6139.87,1
3.35,1.39,1.92,0.14,0.59,0.39,0.01,-0.11,0.29,0.45,0.77,5.44,12.48,0.77,3.14,56.62,4300.45,0
2.9,1.52,0.48,4.04,7.7,0.25,0.05,0.19,-0.04,0.06,1.63,8.38,8.01,1.2,0.2,41.45,2428.31,0
1.07,1.58,0.31,2.8,4.64,0.15,0.48,0.46,0.19,0.12,0.98,12.69,17.72,6.54,2.81,51.44,3721.7,0
3.69,2.16,1.72,4.38,11.15,0.4,0.46,0.09,-0.1,-0.14,1.02,13.31,12.65,4.04,5.31,47.12,5941.47,0
3.38,2.01,0.93,2.09,0.85,0.26,0.55,0.03,0.14,0.23,1.12,2.83,17.3,5.66,2.17,25.85,3539.99,0
3.82,2.25,1.71,3.81,8.98,0.21,0.51,0.22,0.27,0.0,1.48,5.42,5.22,2.6,5.59,31.33,2188.22,0
3.04,2.75,1.8,0.28,14.15,0.37,0.41,0.45,0.02,-0.09,0.69,5.36,15.82,4.31,3.78,15.24,1208.8,1
2.65,2.9,0.22,1.51,3.03,0.11,0.03,0.39,-0.03,0.18,0.42,1.11,7.14,3.67,5.6,21.06,8803.68,0
1.96,2.6,1.78,0.3,7.34,0.74,0.47,0.5,0.16,0.17,1.2,9.17,17.83,6.64,4.54,47.8,4431.11,0
3.76,3.36,0.95,4.39,1.83,0.69,0.51,-0.18,0.19,-0.15,0.79,12.89,4.52,5.33,0.62,54.17,6270.82,0
3.53,0.36,1.07,3.68,9.57,0.57,0.48,-0.12,0.18,0.29,1.0,6.03,10.26,5.22,1.39,44.85,4929.58,0
0.66,0.93,1.29,3.84,8.48,0.08,0.31,0.23,0.03,0.24,1.36,11.23,14.69,0.71,2.37,30.58,8732.04,0
0.59,0.32,1.86,4.22,6.41,0.62,0.14,0.37,0.0,-0.07,1.09,9.6,8.92,4.03,1.02,9.76,5492.0,1
1.82,2.37,0.14,0.38,8.06,0.65,0.51,-0.0,0.28,0.13,1.32,5.95,9.49,3.48,2.97,8.13,4833.78,0
3.34,3.17,1.01,1.74,13.5,0.61,0.44,-0.03,0.27,0.3,1.18,2.55,17.78,6.52,2.83,25.59,9249.78,0
3.96,1.08,1.41,0.32,3.35,0.09,0.59,0.35,0.08,0.17,1.53,10.79,8.8,2.1,5.74,30.51,7210.91,1
1.03,3.27,1.47,0.95,0.83,0.52,0.09,-0.16,0.24,0.08,1.47,12.89,11.67,2.18,2.6,38.5,1159.92,0
2.58,0.49,1.42,1.03,12.99,0.67,0.14,0.06,0.08,0.03,1.16,10.44,2.87,3.11,4.71,5.36,1818.16,0
1.83,3.29,0.36,2.11,8.87,0.46,0.13,0.15,0.07,0.23,1.42,0.76,15.48,2.01,5.65,59.43,7881.87,0
3.89,1.43,0.67,1.21,13.41,0.52,0.48,0.19,-0.04,0.46,1.77,3.64,12.37,1.25,5.26,25.02,8366.72,0
3.45,0.62,0.78,0.45,9.16,0.37,0.11,0.31,0.07,0.27,0.98,1.51,8.46,6.06,1.25,51.65,5474.65,1
3.43,1.85,1.63,0.75,12.25,0.42,0.04,0.05,0.11,-0.15,0.94,8.77,2.26,4.08,2.98,34.42,5566.83,0
2.14,1.12,0.63,0.66,6.73,0.03,0.6,0.23,-0.09,0.12,1.58,11.47,11.47,6.08,2.09,12.17,6337.73,0
1.95,1.21,0.5,4.38,11.37,0.51,0.01,0.21,0.08,0.42,1.25,2.1,2.2,5.89,2.4,48.87,4419.2,0
1.46,1.28,1.92,3.42,13.74,0.07,0.5,0.18,0.21,-0.13,0.33,12.66,2.02,2.26,2.16,44.04,6817.98,1
0.7,2.87,0.12,4.35,8.8,0.35,0.22,0.25,0.17,0.49,1.81,8.55,11.86,4.02,4.96,34.01,1129.39,1
3.53,2.03,2.0,1.98,3.12,0.23,0.5,-0.02,0.15,0.46,0.26,10.5,5.02,0.95,2.71,33.3,9614.73,0
3.35,1.3,1.39,1.25,4.4,0.44,0.33,-0.14,0.26,-0.15,1.55,14.59,5.07,6.44,3.14,9.81,7514.04,0
4.0,2.25,1.67,3.59,3.38,0.11,0.54,-0.12,-0.09,0.45,1.57,1.71,12.45,3.07,5.89,41.07,6330.18,0
3.99,2.59,0.66,1.47,4.08,0.55,0.56,-0.04,0.12,0.05,1.92,13.57,2.86,3.0,0.36,55.12,3197.4,0
2.44,1.17,0.13,1.35,4.94,0.64,0.01,0.15,0.21,0.39,0.3,2.33,7.01,2.4,2.93,10.13,1651.51,1
3.19,1.62,1.5,1.05,8.55,0.13,0.05,0.39,0.12,0.09,1.27,6.2,4.39,3.44,4.64,19.49,4122.96,1
3.81,0.69,1.68,0.58,9.03,0.08,0.15,0.29,0.03,0.11,0.97,12.85,11.28,2.06,0.91,54.63,6632.69,1
3.47,0.88,1.51,1.15,6.68,0.12,0.4,0.35,-0.05,0.24,0.8,13.64,12.59,2.87,3.67,20.64,6355.41,0
1.37,2.48,0.37,1.6,9.42,0.7,0.53,0.05,0.26,0.34,0.36,7.84,13.54,5.68,1.44,40.97,3857.28,1
2.08,0.88,1.53,3.03,1.68,0.42,0.28,0.08,0.09,-0.18,1.21,9.11,6.08,5.91,5.2,34.41,6152.2,1
0.95,1.98,1.56,0.28,1.77,0.37,0.36,0.08,0.25,0.22,1.06,10.77,3.43,2.41,1.96,37.8,8146.8,0
3.84,2.57,1.35,0.95,2.99,0.09,0.11,-0.07,0.13,-0.07,0.39,12.58,3.26,3.5,1.97,27.87,311.53,0
2.62,0.64,1.56,3.64,8.01,0.52,0.48,-0.16,0.17,0.04,1.3,2.26,8.82,6.17,3.59,21.5,4533.68,0
1.3,2.12,1.71,0.66,3.6,0.69,0.58,0.21,0.22,0.04,1.53,12.25,17.13,0.75,1.1,7.67,7597.62,0
2.85,1.12,1.27,1.54,4.61,0.66,0.16,0.49,0.16,0.13,1.58,7.48,5.48,6.27,1.71,45.94,5484.14,1
2.66,3.38,0.27,3.89,6.3,0.5,0.3,-0.08,0.06,0.03,1.83,7.03,6.11,1.85,2.5,46.04,6532.19,0
1.75,1.85,1.03,0.7,12.27,0.06,0.05,-0.17,0.11,-0.12,0.94,6.65,3.61,4.88,2.12,41.89,5190.93,0
0.9,2.88,0.25,0.37,0.7,0.09,0.34,0.35,0.22,-0.1,1.92,7.88,11.69,4.24,3.15,40.4,9919.15,0
2.85,2.06,0.87,2.18,9.92,0.04,0.3,-0.02,0.05,-0.18,1.76,14.2,12.88,4.05,3.6,18.4,593.48,0
2.32,0.44,0.87,1.36,10.2,0.21,0.09,0.38,0.06,0.13,0.73,8.45,12.29,6.07,3.4,6.23,4935.9,1
3.2,2.33,0.23,2.54,12.08,0.11,0.27,0.29,-0.06,0.47,0.49,14.32,15.78,1.07,3.93,49.48,959.59,0
2.32,3.34,0.76,3.62,14.02,0.21,0.2,0.46,0.27,-0.12,0.98,3.11,9.78,2.69,1.85,32.01,1639.87,0
3.48,2.23,0.31,0.62,0.79,0.31,0.31,0.09,-0.06,0.46,0.92,11.0,4.15,3.95,0.76,21.88,3861.23,0
2.43,2.92,1.64,2.61,2.73,0.75,0.35,0.26,0.16,0.31,1.24,12.28,6.63,5.75,4.56,10.61,1597.62,0
2.46,3.13,1.9,2.27,13.35,0.49,0.01,0.13,0.07,0.25,1.25,10.35,12.6,1.83,5.1,8.45,9638.69,0
3.57,1.03,0.24,0.65,7.15,0.67,0.46,0.24,0.06,0.25,1.55,9.3,11.81,5.7,1.54,24.19,9470.56,1
1.91,0.98,1.91,2.81,8.69,0.57,0.43,0.11,0.17,0.38,1.12,8.69,10.5,3.04,2.44,49.26,3394.29,0
0.97,2.26,1.09,1.23,10.11,0.09,0.22,-0.07,-0.07,-0.13,0.39,12.98,12.93,1.65,2.99,55.53,6415.49,0
0.6,1.62,0.67,2.2,10.35,0.59,0.03,0.16,0.14,0.15,1.74,12.41,12.2,5.41,3.2,54.32,5360.85,0
3.14,2.99,0.25,0.37,14.01,0.22,0.45,0.17,0.21,0.29,0.76,2.27,16.1,1.0,3.96,55.6,8165.09,0
2.67,3.18,1.05,2.07,14.96,0.51,0.57,0.37,0.23,0.21,1.95,12.8,11.38,3.8,0.25,54.92,6293.08,1
2.96,1.43,1.61,1.38,10.94,0.27,0.14,0.31,-0.03,0.38,0.41,6.5,14.46,0.82,4.33,34.0,52.51,0
1.25,1.06,1.44,3.7,4.66,0.8,0.19,0.26,0.26,-0.15,1.92,4.18,5.98,2.75,0.37,17.07,7643.59,0
0.98,2.8,0.2,0.26,13.26,0.21,0.11,-0.12,0.16,0.28,0.36,13.11,12.85,4.37,2.81,48.89,7481.14,0
0.55,1.18,0.24,1.88,1.21,0.22,0.35,0.3,0.25,0.17,0.62,6.76,16.44,4.07,4.97,16.75,5121.74,0
1.73,2.93,0.87,2.06,3.85,0.74,0.09,0.15,0.09,0.07,0.28,12.22,8.17,3.07,2.71,19.7,9034.04,0
2.56,1.66,0.66,3.26,13.51,0.02,0.21,0.43,0.12,0.04,1.47,4.32,14.47,3.23,0.89,17.83,9089.04,0
1.87,2.44,0.54,2.58,4.21,0.56,0.42,0.44,0.27,0.23,1.73,0.56,13.6,1.9,5.91,33.32,5262.92,0
2.03,0.61,0.63,3.0,3.7,0.58,0.34,-0.16,0.26,0.42,0.98,7.68,2.95,3.41,5.34,22.7,6099.48,1
3.66,2.3,1.63,3.5,2.5,0.67,0.23,0.37,0.08,0.15,1.87,1.95,11.3,6.69,4.63,13.48,9965.39,0
1.72,1.75,1.87,3.88,12.96,0.78,0.25,-0.17,0.01,0.38,1.26,11.44,4.08,6.01,2.47,29.92,3023.26,0
2.3,2.18,0.87,1.41,7.75,0.78,0.34,0.06,0.06,0.08,1.33,4.5,17.48,1.36,1.1,53.06,3279.94,1
3.24,0.84,1.82,2.42,10.29,0.05,0.0,0.18,0.06,-0.13,1.72,6.93,14.98,0.6,5.65,36.38,1868.6,1
1.89,2.66,0.71,3.78,3.97,0.66,0.05,-0.1,0.01,-0.16,0.73,1.76,3.76,6.56,3.19,53.31,8963.88,0
2.68,3.06,1.01,4.45,11.49,0.52,0.53,0.32,0.01,-0.16,0.84,4.66,3.95,3.88,5.11,15.77,7457.66,0
3.52,0.99,0.53,4.0,11.52,0.52,0.05,-0.19,0.24,0.07,1.83,11.83,11.51,3.95,2.05,14.18,1101.15,0
3.82,0.61,1.32,1.67,5.03,0.1,0.42,-0.08,-0.07,0.04,1.82,2.7,7.52,5.55,2.01,36.66,9818.59,0
1.01,0.38,1.96,0.88,6.45,0.52,0.55,0.21,0.17,0.3,1.96,9.88,2.56,2.48,5.91,30.48,7323.07,0
3.74,2.35,1.25,2.2,3.54,0.79,0.16,0.3,-0.03,0.32,1.82,13.8,10.67,3.58,3.13,41.31,8512.69,0
2.22,2.24,0.78,3.34,14.66,0.73,0.22,0.44,0.04,-0.16,0.43,10.36,8.21,6.79,0.84,48.7,529.1,0
1.4,2.05,1.33,2.22,9.86,0.35,0.34,0.29,-0.08,-0.05,1.68,12.26,3.62,4.84,1.32,46.32,5074.36,0
2.11,1.04,0.33,2.17,14.05,0.03,0.53,0.27,0.01,-0.01,0.94,2.08,14.83,1.41,2.89,56.82,7001.05,0
3.93,1.55,1.79,3.77,4.9,0.29,0.57,0.08,0.21,0.18,1.98,4.14,16.64,1.28,0.25,26.9,5452.32,0
2.22,2.2,1.06,1.63,11.84,0.66,0.44,-0.2,0.25,-0.1,1.05,13.47,14.11,1.75,2.78,16.35,6683.14,0
1.65,1.89,0.95,3.87,11.6,0.56,0.05,-0.12,-0.01,-0.11,1.2,10.87,15.16,5.46,2.51,35.3,8187.85,0
2.72,3.46,1.21,1.83,10.53,0.37,0.4,0.17,0.09,0.46,1.15,9.77,5.46,2.35,4.68,11.09,3774.65,0
1.34,0.74,1.29,1.48,14.5,0.04,0.25,0.27,0.09,0.36,0.78,10.12,6.22,0.54,2.13,20.89,8494.25,0
0.77,2.52,0.24,2.04,6.21,0.34,0.28,0.09,0.25,-0.07,0.34,6.51,5.34,6.63,5.9,16.43,1671.02,0
0.95,1.59,1.4,3.43,2.4,0.38,0.03,0.31,0.21,0.08,1.81,1.15,14.24,1.52,1.08,26.81,2745.32,0
0.95,1.67,0.56,0.57,10.24,0.74,0.11,0.17,0.11,0.05,1.64,11.87,17.17,0.46,3.55,11.12,481.29,0
1.03,2.6,1.46,0.88,11.07,0.51,0.47,-0.15,0.17,0.35,0.45,10.34,13.47,1.97,0.54,6.75,3676.05,0
0.99,2.52,1.66,4.28,8.84,0.25,0.27,-0.07,0.24,0.16,1.6,7.36,16.1,1.95,4.4,41.12,3830.1,0
2.74,3.47,1.63,0.79,3.5,0.42,0.18,0.39,-0.1,-0.11,1.33,13.55,12.22,3.19,5.97,38.56,8062.44,0
1.14,0.71,1.15,2.55,7.81,0.05,0.23,0.31,0.06,0.32,0.94,5.37,8.2,6.47,4.91,43.96,6548.65,0
1.71,0.63,1.09,2.61,5.03,0.78,0.51,0.43,0.26,0.08,0.66,4.77,8.81,6.2,3.33,41.32,4395.39,0
3.64,2.62,0.37,2.2,6.7,0.29,0.45,-0.12,0.2,-0.02,1.75,13.16,3.21,3.42,2.91,11.29,6538.53,0
2.16,2.15,1.57,2.9,9.86,0.38,0.16,0.49,0.12,0.06,1.46,12.06,2.5,3.11,5.01,21.01,575.19,0
2.84,1.18,0.62,1.03,11.31,0.28,0.07,-0.05,0.11,0.15,1.19,7.97,13.13,4.06,5.62,12.12,1843.7,0
1.1,0.55,1.04,2.49,3.87,0.55,0.15,-0.19,0.04,0.04,1.3,2.4,9.01,2.01,5.94,51.36,6288.13,0
1.17,0.57,0.64,1.67,6.38,0.53,0.55,0.5,0.11,-0.03,0.36,3.62,10.84,0.74,2.38,46.08,6431.6,1
0.64,3.16,0.35,2.98,4.4,0.57,0.35,-0.0,0.16,0.08,1.05,10.02,10.92,6.6,5.95,16.08,7752.64,0
1.09,0.91,1.3,0.64,3.38,0.21,0.32,0.27,0.07,-0.19,0.55,6.08,6.44,1.63,0.94,23.77,4059.85,0
1.48,1.33,0.2,2.57,11.86,0.25,0.36,-0.08,0.19,0.34,0.58,12.63,9.61,1.71,1.52,58.16,7239.41,0
1.12,1.03,1.52,0.83,13.68,0.1,0.22,0.21,0.24,-0.08,1.39,14.27,9.53,3.52,0.53,37.68,6855.6,0
0.81,1.44,0.7,1.25,5.87,0.52,0.48,0.43,-0.04,-0.17,1.84,12.18,8.21,3.64,1.63,49.06,9635.76,0
0.92,0.52,0.1,0.98,11.39,0.03,0.31,0.02,0.08,0.26,0.93,5.97,15.13,0.52,4.61,19.55,2190.55,0
2.11,1.96,1.07,0.82,13.51,0.48,0.07,0.27,0.06,0.34,0.57,11.94,9.22,1.38,5.12,16.55,5539.21,0
1.22,0.52,0.19,3.72,12.77,0.7,0.08,-0.07,0.17,0.37,1.37,5.6,11.66,2.9,4.67,48.12,6037.56,0
1.77,2.86,0.62,1.29,3.15,0.71,0.32,0.24,-0.0,0.15,1.77,2.92,16.33,4.91,3.79,42.72,9986.55,0
2.26,1.05,1.44,4.17,14.37,0.36,0.56,0.04,0.16,-0.06,1.55,0.98,15.86,1.91,3.08,42.45,2051.78,0
2.92,2.03,0.22,4.36,5.96,0.37,0.19,-0.05,0.25,0.32,1.76,6.09,16.25,3.19,4.25,35.39,5256.02,0
0.64,3.12,1.69,2.57,5.42,0.06,0.52,0.02,0.07,0.29,1.17,13.6,6.32,4.08,2.35,36.0,3494.54,0
3.3,2.38,0.11,0.64,1.41,0.54,0.46,-0.07,0.26,-0.03,1.55,3.97,2.56,6.26,5.05,45.46,5282.64,0
2.7,2.01,0.57,1.69,7.55,0.66,0.15,0.43,0.3,0.43,0.45,3.49,6.18,2.55,4.06,19.85,2359.68,0
0.79,1.34,1.51,3.59,2.08,0.2,0.02,0.08,-0.06,-0.13,0.83,14.56,6.46,1.28,4.19,24.4,523.74,0
3.56,1.37,0.7,1.65,4.1,0.34,0.06,-0.03,-0.01,0.49,0.9,0.86,16.55,3.63,3.22,52.94,5747.03,0
3.72,2.44,0.29,0.39,5.1,0.67,0.44,0.11,0.28,0.4,1.12,11.89,12.39,5.33,5.31,21.99,3391.75,0
0.71,3.48,0.78,2.51,12.23,0.7,0.12,0.02,0.28,0.28,1.87,5.16,3.31,1.13,1.51,35.05,1860.32,0
1.47,2.42,0.61,3.8,13.19,0.19,0.22,0.32,-0.06,0.46,1.77,1.04,4.17,3.2,2.29,43.65,3273.16,0
3.32,2.08,1.7,3.58,4.89,0.44,0.3,0.48,-0.09,0.31,0.44,13.81,4.49,0.52,4.67,60.0,540.34,1
3.12,2.64,0.7,0.79,12.95,0.15,0.44,0.11,-0.04,-0.07,0.51,2.52,12.09,0.62,2.96,28.94,9506.9,0
1.15,1.79,1.6,3.03,12.93,0.08,0.07,0.4,0.3,0.11,0.84,8.5,13.77,3.59,5.34,28.55,5832.42,0
1.23,0.49,1.79,0.99,11.59,0.73,0.24,0.2,-0.03,-0.15,0.72,4.47,15.75,2.37,2.08,51.34,8156.95,0
1.8,2.1,0.92,0.98,2.63,0.66,0.29,-0.09,0.1,0.07,1.31,1.45,17.05,5.98,2.22,49.3,4260.03,1
2.2,3.36,1.83,3.93,10.51,0.61,0.32,0.28,0.24,0.32,1.82,1.22,5.23,4.37,5.33,45.21,9037.98,1
2.66,0.86,0.82,1.12,14.2,0.04,0.49,0.16,-0.09,0.07,1.93,2.18,6.96,3.4,2.79,30.48,4859.02,0
1.79,2.51,1.93,1.18,10.4,0.67,0.1,0.26,0.14,0.03,1.38,1.53,5.85,3.09,3.1,22.82,5760.76,0
2.12,0.94,0.27,0.0,5.31,0.35,0.48,0.42,0.01,0.22,1.71,11.53,7.74,3.68,2.0,38.48,4943.35,0
3.12,2.01,1.41,3.92,7.76,0.27,0.42,0.11,0.24,0.41,1.15,7.54,16.63,0.67,1.66,53.19,7346.12,0
0.63,0.61,1.04,3.57,9.86,0.44,0.33,0.43,0.01,-0.17,0.57,5.47,11.2,6.29,3.94,53.61,5688.23,0
1.38,1.74,0.84,2.82,7.9,0.07,0.42,0.33,0.17,0.07,1.14,6.57,13.81,6.99,0.72,10.97,2752.41,1
3.0,2.72,1.3,3.38,2.24,0.61,0.25,0.14,0.17,-0.09,1.2,13.97,9.84,1.6,5.28,28.56,1498.12,0
3.63,1.41,1.44,0.68,5.02,0.47,0.08,0.22,-0.01,0.29,1.54,13.71,2.46,1.19,4.68,30.56,6080.94,0
2.29,2.43,0.11,2.06,12.13,0.15,0.4,0.03,-0.09,-0.13,0.6,10.88,3.03,1.35,1.14,58.77,4917.34,0
2.36,2.85,0.42,1.58,12.99,0.15,0.31,0.49,0.06,0.27,0.86,13.33,10.61,4.76,4.16,42.29,1004.96,0
0.88,3.27,1.45,0.42,2.49,0.15,0.38,0.27,0.02,0.0,0.86,5.13,13.5,4.77,3.62,27.4,3986.39,0
2.07,1.05,1.37,2.19,14.31,0.05,0.2,-0.17,0.22,-0.06,1.93,6.03,5.45,6.0,1.11,6.43,5172.03,0
2.36,1.58,1.94,4.14,5.27,0.47,0.54,0.03,0.22,0.46,1.0,9.4,13.55,5.36,1.64,36.1,8277.59,0
1.35,0.79,1.55,0.18,10.1,0.67,0.35,0.24,0.08,-0.19,1.56,9.54,14.97,3.37,2.45,10.28,807.21,0
1.44,3.48,1.91,1.31,11.4,0.01,0.05,-0.16,0.14,0.11,1.55,7.48,8.59,4.44,4.2,50.89,3517.53,0
1.82,3.27,1.43,0.93,12.27,0.04,0.27,-0.18,0.14,-0.18,0.68,6.31,13.94,4.94,3.83,46.39,8235.43,1
0.57,2.03,0.67,1.07,14.21,0.46,0.45,0.12,0.23,0.14,1.23,14.8,8.46,3.78,3.19,30.33,6501.82,0
1.63,2.99,0.3,4.09,5.04,0.66,0.48,0.03,0.07,0.15,1.81,12.41,12.85,3.54,4.61,28.61,2935.09,0
1.24,1.97,1.59,2.11,12.95,0.26,0.3,0.11,0.01,0.03,1.06,6.81,14.22,4.66,4.55,54.35,8461.08,0
1.65,2.3,1.32,2.1,2.41,0.28,0.54,-0.02,0.01,-0.11,1.9,11.05,17.87,4.08,3.71,20.87,4958.27,0
0.92,0.59,0.19,3.42,10.72,0.48,0.16,-0.08,0.11,0.06,0.59,4.41,7.53,4.65,4.72,18.7,5008.6,1
3.62,2.72,0.78,0.7,11.26,0.22,0.25,0.28,0.08,0.27,0.33,1.95,8.58,4.44,2.01,56.66,9767.04,1
2.58,0.71,1.92,2.19,10.33,0.02,0.54,0.16,0.08,0.35,1.8,5.61,4.65,5.15,5.29,49.51,9473.81,0
2.88,2.94,1.05,1.93,4.16,0.59,0.54,-0.06,-0.06,0.17,1.73,6.34,5.27,4.64,3.69,50.13,3617.4,0
3.26,2.8,0.92,2.69,13.16,0.5,0.41,0.02,0.19,0.21,1.99,0.74,13.09,3.83,4.93,15.74,1448.76,0
2.24,2.57,0.97,4.5,2.95,0.46,0.52,0.21,-0.01,-0.06,1.42,12.31,16.67,4.9,3.28,12.88,3290.38,1
0.8,0.42,0.5,3.46,1.28,0.59,0.05,-0.15,-0.02,0.0,1.89,5.71,8.31,3.37,1.31,6.43,353.31,0
2.38,1.27,0.8,1.79,10.9,0.54,0.52,-0.1,0.07,-0.09,1.69,8.92,4.88,2.0,3.25,18.04,256.64,0
2.55,1.14,0.8,3.72,7.39,0.16,0.19,-0.15,-0.01,-0.03,1.72,1.57,6.56,0.41,2.23,47.58,3985.45,0
3.11,1.45,0.2,0.77,12.81,0.28,0.11,0.37,0.13,-0.04,1.22,3.04,9.28,4.1,4.18,18.2,9413.15,1
2.01,0.58,1.56,0.14,6.06,0.1,0.14,0.33,0.05,0.16,0.89,13.4,6.65,4.3,2.85,45.1,8720.01,0
0.95,3.3,0.89,0.92,2.94,0.1,0.25,0.33,0.08,0.19,1.88,9.33,5.74,6.82,5.02,18.85,5138.86,0
1.49,2.07,1.66,1.53,12.63,0.54,0.15,0.3,0.11,0.46,0.98,14.28,13.78,2.79,4.07,26.74,5674.0,0
1.77,1.28,1.72,2.3,8.46,0.69,0.19,0.27,-0.02,-0.06,1.17,14.98,2.13,3.0,4.11,59.07,109.04,1
2.76,1.57,0.5,2.77,3.24,0.77,0.08,0.13,-0.04,0.25,1.0,5.89,10.63,1.73,1.3,18.46,2194.24,0
2.5,1.73,1.35,4.1,10.95,0.5,0.18,0.25,0.25,0.37,1.22,4.83,14.7,0.87,5.91,25.7,296.5,1
1.75,2.22,1.0,2.29,7.91,0.15,0.34,-0.17,0.07,0.19,1.05,12.95,6.26,5.5,5.05,21.56,7557.67,0
3.95,1.95,1.77,2.26,9.26,0.08,0.27,0.24,0.06,-0.02,0.29,14.98,11.65,2.05,4.73,11.03,1499.18,0
2.62,3.24,0.51,0.23,7.18,0.65,0.21,0.34,-0.09,-0.02,1.79,9.63,12.7,4.42,1.98,31.94,8697.02,1
1.33,1.89,1.39,0.16,12.52,0.46,0.45,0.15,0.1,-0.17,1.0,12.03,12.48,4.94,3.21,25.83,6451.08,1
0.86,3.47,1.25,2.48,12.53,0.49,0.54,0.05,0.12,0.01,1.26,11.84,9.13,3.51,0.82,43.22,2332.72,0
1.04,3.02,0.66,1.97,10.79,0.63,0.45,-0.01,0.12,0.32,0.45,5.65,7.55,6.18,3.23,49.97,1619.32,0
1.36,0.97,0.36,3.78,2.03,0.56,0.2,0.25,0.18,-0.17,0.21,8.83,15.37,3.33,0.88,34.93,6294.87,0
1.06,3.28,1.34,0.72,12.66,0.67,0.45,0.28,-0.03,-0.05,0.64,12.58,14.14,2.28,3.32,6.77,9013.33,0
1.15,0.67,1.5,0.11,10.23,0.04,0.09,0.41,0.0,0.29,1.47,10.48,7.14,6.31,3.89,39.04,7197.68,0
1.5,2.92,0.7,2.02,10.61,0.6,0.08,0.04,0.22,0.35,0.38,0.81,3.65,6.09,2.34,8.05,3518.04,0
1.11,1.52,1.33,1.07,5.76,0.68,0.21,0.34,0.28,0.12,1.84,5.38,3.15,1.48,2.99,38.9,5894.47,0
3.64,3.11,0.85,0.22,13.25,0.23,0.48,0.19,-0.05,0.29,0.59,2.59,3.51,0.57,5.25,42.68,3142.08,0
0.78,3.08,1.46,3.26,11.02,0.51,0.15,0.42,0.1,0.07,0.57,3.88,11.33,0.99,0.65,15.88,9991.54,0
2.34,2.88,0.48,0.5,2.13,0.25,0.04,0.17,-0.01,-0.09,0.53,13.63,2.83,2.29,4.75,50.06,7500.95,0
1.94,2.83,1.79,2.74,6.41,0.77,0.08,0.16,-0.08,0.08,0.23,1.03,7.39,6.82,1.02,55.11,6163.1,0
3.94,1.27,0.65,1.26,13.35,0.03,0.52,0.2,0.03,0.21,1.59,3.69,14.05,4.09,0.22,49.72,4261.43,0
0.89,0.56,0.8,0.78,1.18,0.46,0.38,0.32,-0.04,0.46,1.78,4.99,6.71,2.86,1.11,21.78,6200.62,0
1.89,1.59,0.21,1.71,14.44,0.13,0.15,0.48,0.18,-0.15,1.31,9.44,14.21,6.27,4.59,37.27,3449.08,0
3.89,0.86,0.31,3.61,10.35,0.57,0.33,-0.15,0.11,0.16,0.54,8.24,13.93,3.39,2.43,55.31,337.21,0
3.53,2.52,1.08,1.76,9.65,0.14,0.32,-0.16,-0.04,0.03,0.71,3.66,5.93,2.48,5.24,22.64,3981.13,0
3.36,1.41,0.61,3.38,4.42,0.19,0.39,0.46,-0.1,0.16,1.06,2.88,13.66,6.61,3.15,50.1,9308.28,0
1.4,3.42,1.69,0.56,4.11,0.4,0.14,0.17,0.22,-0.18,1.92,3.93,13.96,6.01,0.13,5.52,6281.7,0
1.1,2.35,0.13,3.48,14.16,0.73,0.52,0.23,-0.03,0.02,0.65,7.79,8.36,5.97,4.3,5.2,885.36,0
2.84,2.93,0.82,1.07,4.82,0.17,0.19,0.14,0.14,0.37,1.52,4.43,5.37,3.78,0.66,46.78,8855.69,0
3.75,0.72,0.74,3.05,11.74,0.12,0.42,-0.13,0.03,0.19,0.99,14.24,10.34,5.61,4.74,46.88,2725.3,0
2.45,3.06,0.14,2.55,6.2,0.61,0.01,0.34,0.13,0.12,0.74,7.23,16.74,1.58,1.01,48.39,2475.51,1
2.5,3.25,0.34,4.18,2.52,0.4,0.22,0.32,0.03,-0.0,1.02,1.35,12.23,4.18,2.07,56.15,3006.06,0
1.48,1.86,0.89,1.74,0.66,0.73,0.21,0.02,-0.07,0.01,0.33,11.07,4.77,6.89,4.57,11.48,5793.16,1
3.19,2.24,1.04,0.3,8.39,0.12,0.33,0.01,-0.01,0.07,1.64,5.27,12.92,2.32,5.73,17.76,5469.65,0
1.15,2.75,0.87,0.09,14.65,0.52,0.04,0.39,-0.02,0.38,0.64,9.98,8.84,5.64,2.23,54.7,4939.57,0
1.63,0.86,1.11,3.72,5.85,0.19,0.47,-0.15,0.07,0.48,1.51,4.55,11.46,3.64,4.98,14.75,7189.49,0
1.99,1.91,1.23,2.36,5.68,0.13,0.13,0.42,0.16,0.11,0.32,8.78,13.75,0.66,1.14,42.52,3199.55,0
2.28,1.58,0.12,3.49,5.49,0.55,0.41,-0.02,0.01,0.08,1.92,11.7,10.24,5.44,4.84,34.18,7831.54,1
1.35,0.77,0.98,1.05,8.05,0.47,0.48,0.22,-0.1,0.39,0.55,13.96,15.02,1.51,3.94,9.58,1794.45,0
0.9,1.48,1.93,1.55,6.89,0.6,0.34,0.46,0.11,0.1,1.79,4.29,13.55,4.57,1.16,20.69,7837.08,0
2.64,0.52,1.09,0.14,13.26,0.25,0.44,0.27,0.14,0.19,1.66,5.36,11.84,0.97,1.82,33.62,6654.91,0
1.51,0.38,1.39,4.33,7.83,0.36,0.4,0.09,0.29,-0.04,1.94,7.23,4.41,6.65,0.79,51.88,6847.92,0
2.53,0.73,0.69,3.01,7.86,0.32,0.21,0.28,0.14,0.32,1.06,13.94,15.38,2.33,2.3,43.91,4841.46,0
1.04,3.38,1.57,4.2,2.51,0.79,0.49,0.04,0.09,0.17,1.51,13.57,16.97,1.89,1.22,39.2,6686.67,0
2.18,2.06,1.57,1.19,14.75,0.23,0.18,-0.01,0.13,0.37,0.87,1.8,4.19,1.25,3.86,32.28,843.98,1
2.36,3.39,1.09,2.75,4.12,0.24,0.34,0.5,0.27,0.35,0.53,2.41,9.81,6.64,5.97,21.43,8522.93,0
0.68,1.68,1.95,3.05,1.56,0.28,0.45,0.33,0.23,-0.05,1.0,7.68,6.14,5.1,0.07,11.56,602.69,0
1.68,1.3,0.34,1.43,10.12,0.45,0.23,0.25,0.03,0.3,0.5,2.05,14.07,5.29,3.25,27.5,1529.98,0
0.97,1.92,0.13,3.82,9.13,0.2,0.18,0.05,-0.01,0.36,1.97,5.51,13.55,3.7,3.44,6.57,5789.06,0
0.72,1.71,1.56,4.26,6.52,0.73,0.28,-0.17,0.01,0.04,0.37,2.65,4.25,3.53,5.49,16.61,7407.14,0
3.96,0.64,1.63,3.98,6.62,0.21,0.49,-0.18,0.1,-0.08,1.26,9.72,16.03,1.13,3.04,28.79,808.7,1
1.63,2.35,0.33,3.33,11.88,0.72,0.56,0.19,0.2,-0.2,1.33,14.27,4.9,4.09,3.26,28.02,9211.61,0
3.33,0.99,0.6,1.25,3.34,0.08,0.33,0.33,0.1,0.12,1.17,14.95,14.76,2.03,2.83,7.44,9737.4,0
1.39,2.28,0.13,1.27,12.39,0.53,0.4,0.18,-0.07,0.05,1.39,5.94,9.31,6.85,1.61,37.4,6079.2,1
2.89,2.38,0.66,4.34,9.91,0.73,0.54,0.39,0.19,0.19,0.41,9.19,7.25,5.66,0.34,35.23,4838.37,0
3.16,0.79,1.57,0.05,6.58,0.13,0.06,-0.18,0.22,-0.07,1.2,12.92,4.53,3.13,2.45,9.3,7426.88,0
2.58,0.5,1.08,3.22,7.14,0.77,0.14,0.06,0.02,0.4,0.72,2.2,4.68,1.4,0.32,56.87,3317.16,0
2.15,2.8,0.76,3.18,4.22,0.36,0.43,-0.03,0.17,-0.02,1.89,10.5,12.59,5.58,3.3,10.47,4957.98,1
1.94,1.77,0.81,2.8,11.41,0.76,0.49,0.11,0.07,-0.04,1.57,6.43,10.81,1.21,1.84,52.02,9165.7,0
1.72,0.49,0.1,4.46,7.94,0.54,0.51,-0.15,0.26,0.14,1.95,3.49,3.95,1.65,3.2,5.02,9558.77,0
3.75,3.48,0.67,1.4,5.15,0.24,0.25,0.47,0.24,0.15,0.27,6.34,3.8,1.8,0.81,53.53,9274.34,0
3.41,0.48,1.33,1.53,9.14,0.15,0.05,-0.04,0.11,-0.05,0.71,1.6,3.16,4.08,5.6,6.08,2661.36,0
3.88,2.52,1.95,0.36,14.94,0.24,0.26,0.45,0.18,-0.01,0.55,10.58,13.9,5.59,5.37,46.68,2363.07,0
0.94,3.45,1.71,1.99,6.81,0.07,0.14,0.1,0.25,-0.08,0.22,4.16,13.39,2.47,1.14,24.89,3011.76,0
3.06,1.07,0.14,1.17,13.85,0.12,0.17,0.49,0.1,0.3,0.64,5.02,2.93,0.96,2.06,45.6,4441.05,0
3.78,0.76,1.81,1.55,5.5,0.08,0.46,0.19,0.03,0.34,1.42,2.26,10.96,3.47,3.68,27.1,3175.97,1
1.13,0.69,1.59,3.76,1.29,0.34,0.05,0.45,0.2,0.12,0.62,13.04,3.35,5.34,0.57,8.9,3773.42,0
0.73,1.27,1.58,4.21,3.46,0.64,0.5,-0.2,-0.01,0.3,1.12,7.65,16.46,1.86,2.13,47.21,6225.34,0
3.09,0.62,0.97,0.84,6.57,0.11,0.26,0.32,0.06,0.32,1.8,8.8,16.51,1.85,1.51,8.92,7637.13,1
2.51,2.51,0.86,1.68,3.68,0.1,0.36,0.43,0.25,-0.1,1.45,8.76,13.17,6.65,5.49,55.72,7368.8,0
3.45,0.5,0.68,4.18,0.5,0.51,0.05,-0.1,0.19,0.48,0.91,6.45,16.82,6.7,5.12,7.8,8153.51,1
0.99,1.93,0.22,0.28,13.77,0.16,0.2,-0.13,0.06,0.37,0.87,3.29,14.98,6.94,3.48,31.36,370.23,0
3.28,3.49,0.53,0.42,12.74,0.08,0.05,0.1,-0.01,-0.06,1.02,11.3,15.26,5.73,3.12,44.77,524.95,0
1.21,2.9,0.57,0.73,11.26,0.13,0.58,0.45,0.04,-0.07,0.52,2.34,11.12,1.64,5.58,26.63,7904.36,0
1.07,2.27,1.02,2.68,2.93,0.74,0.48,0.18,0.01,-0.11,1.34,2.01,6.9,1.8,5.59,16.95,5354.13,0
1.07,1.28,1.52,0.68,2.25,0.66,0.28,0.17,-0.03,-0.1,0.86,10.8,5.48,2.65,5.82,46.75,5802.5,0
3.35,2.3,1.0,4.36,1.48,0.28,0.13,-0.1,0.2,0.32,1.73,3.53,7.24,2.5,0.75,48.14,573.24,0
2.83,1.99,0.21,2.01,11.0,0.52,0.56,-0.2,0.0,0.13,1.56,4.95,12.06,6.71,0.96,55.75,2590.37,0
2.33,1.66,1.92,2.26,13.97,0.43,0.21,0.37,0.08,0.35,1.3,7.39,4.76,5.61,4.06,25.69,6401.63,0
1.76,0.72,1.89,1.11,6.74,0.54,0.1,-0.14,0.05,0.32,0.86,7.02,6.14,5.18,3.25,32.84,8598.86,0
3.57,3.14,1.59,2.12,2.23,0.55,0.34,0.24,0.29,0.22,0.58,10.77,9.49,1.63,0.11,24.97,9173.98,0
1.87,1.74,1.98,2.98,7.93,0.5,0.57,0.44,0.06,0.28,1.6,9.54,5.73,6.4,0.37,19.14,5029.17,0
3.36,0.92,1.13,3.38,5.56,0.21,0.0,-0.05,-0.07,-0.19,1.08,9.84,11.42,5.86,5.33,46.31,5477.47,0
2.04,1.48,1.93,3.39,5.93,0.03,0.14,0.27,-0.06,0.02,0.6,10.85,16.77,1.48,5.21,23.68,8338.84,0
1.82,1.63,0.24,2.6,9.51,0.36,0.56,-0.14,0.14,0.25,0.55,4.74,13.97,6.15,2.14,28.55,5399.36,0
2.12,2.95,0.79,4.07,10.92,0.71,0.1,0.22,0.14,-0.19,0.5,5.17,12.66,2.2,5.35,27.2,5192.74,0
1.55,2.65,0.53,3.68,2.1,0.46,0.07,-0.09,0.07,-0.18,1.6,6.85,11.32,0.93,3.56,44.2,9055.59,0
3.12,2.76,0.47,3.41,1.02,0.67,0.34,0.32,0.07,0.4,0.61,4.96,9.81,4.74,4.84,55.48,7909.83,0
2.26,0.34,0.37,0.25,14.92,0.79,0.52,0.01,-0.08,0.28,1.15,14.78,4.99,4.72,2.56,41.67,9095.27,1
1.31,1.63,1.28,0.03,3.87,0.13,0.29,0.12,0.11,-0.01,1.01,12.3,16.32,1.03,0.68,30.94,2221.56,0
3.65,1.84,1.58,0.96,1.28,0.55,0.6,0.22,0.1,0.28,1.24,2.89,5.98,2.5,2.6,47.86,5267.54,0
1.84,0.36,1.2,2.99,3.25,0.54,0.41,-0.08,-0.04,0.35,1.78,0.58,3.46,6.95,2.74,40.25,8432.6,1
2.4,1.13,0.38,1.85,1.06,0.78,0.04,0.32,-0.06,0.01,1.76,1.12,14.0,4.88,3.31,8.33,1155.92,0
3.67,2.73,1.64,1.81,6.18,0.79,0.6,0.01,-0.05,-0.17,1.01,4.04,4.81,5.22,0.63,10.26,7956.89,0
2.68,0.74,1.31,3.98,12.13,0.55,0.24,0.26,-0.06,0.45,0.23,2.16,7.95,1.81,5.95,7.09,1870.59,0
0.91,2.01,0.84,4.03,5.45,0.19,0.17,-0.09,0.14,0.04,0.97,8.23,2.45,0.92,1.46,30.12,8090.78,0
3.79,0.99,1.38,4.09,6.94,0.64,0.33,0.28,-0.02,-0.13,1.29,12.94,4.19,2.23,1.19,50.42,6139.41,0
2.7,0.34,0.59,1.41,10.3,0.09,0.18,-0.11,0.0,0.14,1.2,11.18,4.77,2.04,3.16,22.22,1972.7,0
1.67,1.07,0.76,3.11,7.88,0.62,0.05,0.1,-0.03,0.34,1.37,3.63,2.87,1.95,3.22,26.13,4759.87,0
0.99,3.42,1.84,1.22,12.99,0.73,0.0,-0.03,0.28,-0.04,0.48,6.29,12.51,1.67,2.64,55.02,6834.96,0
3.28,2.86,0.65,0.86,13.06,0.31,0.27,0.32,0.24,-0.01,1.36,7.86,15.39,4.19,4.63,51.03,6356.84,0
2.67,3.37,0.99,0.83,0.64,0.5,0.5,-0.02,-0.01,-0.03,0.53,12.25,7.97,2.57,3.1,41.58,4301.11,0
2.37,1.86,1.79,1.54,11.78,0.34,0.34,0.42,0.03,0.49,1.55,12.67,15.99,5.81,3.66,19.67,8998.7,0
3.63,0.65,1.44,1.93,7.18,0.35,0.6,0.42,-0.02,-0.06,0.81,13.69,5.41,1.61,4.34,11.44,5216.67,0
3.26,2.05,0.22,3.74,14.84,0.25,0.17,-0.06,0.1,0.2,1.48,7.88,7.21,3.47,0.15,5.88,5083.38,0
1.03,1.75,0.38,0.54,7.51,0.61,0.17,0.23,-0.09,0.45,0.29,10.57,4.41,0.49,3.42,10.89,669.39,0
1.59,3.0,0.11,3.31,14.81,0.75,0.1,-0.14,0.17,-0.1,0.93,2.12,11.93,3.58,5.31,21.09,9225.1,1
1.37,0.61,1.3,2.39,11.44,0.75,0.1,0.07,0.11,0.48,1.47,8.7,8.72,0.77,0.1,35.35,1812.31,0
3.1,1.86,0.95,1.3,4.1,0.14,0.17,0.3,0.26,0.46,0.61,4.11,11.81,6.85,2.43,8.52,5307.03,0
0.62,0.78,0.36,2.22,8.31,0.7,0.48,0.26,-0.03,0.42,1.63,6.76,14.19,5.62,5.56,12.49,8045.5,0
2.49,1.34,1.92,1.35,14.89,0.59,0.54,0.24,0.22,-0.05,1.34,9.69,10.73,3.63,2.12,14.96,2193.76,0
3.17,2.66,1.11,2.68,12.93,0.2,0.59,-0.0,0.22,0.24,1.26,4.23,12.04,0.97,2.75,39.76,5297.36,0
3.57,1.82,0.56,1.95,1.91,0.05,0.14,0.06,-0.05,0.33,0.84,1.26,16.96,4.31,5.89,38.87,2444.81,0
1.7,1.5,1.05,0.74,10.74,0.21,0.53,-0.13,0.06,0.49,1.07,0.65,6.79,5.41,1.2,35.29,7608.97,0
3.37,1.56,1.39,0.52,5.51,0.73,0.2,0.3,-0.03,-0.07,1.28,0.82,7.75,1.66,0.39,18.78,5665.19,1
0.89,1.77,0.24,2.46,0.6,0.51,0.07,0.15,0.0,0.34,1.05,0.62,13.48,4.15,5.16,25.41,8566.96,0
3.46,2.81,0.62,4.06,6.35,0.58,0.52,0.3,0.01,0.04,1.46,2.1,11.78,5.77,5.21,10.32,8950.85,1
0.95,3.15,1.63,1.55,3.9,0.21,0.38,-0.03,0.12,-0.08,0.98,3.97,4.86,5.47,2.83,17.46,6504.9,0
1.89,3.36,0.97,3.3,12.37,0.58,0.1,0.03,0.06,0.09,0.56,3.71,8.02,5.7,3.09,54.37,7267.64,0
3.29,2.82,1.14,2.96,5.39,0.02,0.26,0.03,0.28,0.36,0.59,14.81,9.49,6.2,5.01,58.88,5514.74,1
1.02,1.31,0.92,4.19,12.5,0.3,0.17,-0.18,-0.05,0.13,0.21,4.94,8.71,6.59,4.43,40.62,3875.07,0
1.3,2.5,0.18,3.69,0.51,0.5,0.44,0.04,0.29,0.18,0.74,2.35,4.85,3.08,1.59,55.43,6498.77,1
3.03,1.7,0.41,2.55,4.96,0.12,0.27,0.36,-0.01,0.5,1.55,8.41,16.79,4.15,0.1,40.35,9087.47,0
3.02,1.11,0.95,2.96,4.0,0.66,0.59,0.43,0.21,0.08,1.63,12.94,14.2,5.62,2.88,6.83,4195.97,0
2.74,2.99,0.5,4.04,3.89,0.19,0.03,0.16,0.04,0.23,0.56,10.33,9.7,5.0,5.15,59.82,3178.38,0
2.93,0.42,0.19,1.8,1.49,0.52,0.21,0.12,-0.04,0.06,1.93,4.79,12.88,6.97,5.38,10.44,3914.95,0
2.4,3.19,1.7,1.47,3.21,0.32,0.29,-0.18,0.24,0.07,1.1,8.64,16.36,0.49,5.74,42.55,4382.21,0
1.38,1.78,1.96,0.05,8.56,0.48,0.3,0.42,0.02,0.29,1.85,10.87,4.18,2.74,5.28,18.91,781.93,0
1.71,2.34,1.61,3.72,4.72,0.09,0.19,-0.19,0.16,0.46,1.47,11.06,6.01,2.25,3.48,26.56,5009.5,0
1.14,2.41,1.72,3.6,6.55,0.01,0.44,0.46,0.13,0.18,1.5,10.16,10.68,2.13,2.67,40.53,4968.43,0
3.68,3.16,0.56,0.47,5.96,0.73,0.52,0.14,0.09,0.34,0.35,13.13,14.78,1.87,4.65,29.01,5905.02,0
2.54,2.34,1.93,2.6,13.2,0.22,0.56,0.04,0.1,-0.14,0.6,13.12,2.58,5.08,4.44,18.78,3660.06,0
1.9,2.26,0.47,2.09,13.63,0.66,0.48,0.45,0.19,-0.05,0.22,8.89,17.74,0.96,3.23,23.39,6150.42,0
2.12,0.51,1.91,0.53,7.65,0.8,0.51,-0.18,-0.06,0.15,1.49,6.73,9.28,5.29,0.52,23.79,8788.25,0
3.82,1.96,1.99,4.41,5.29,0.17,0.33,0.21,0.17,-0.19,0.82,9.8,7.75,4.98,5.56,57.76,9556.94,0
1.04,0.78,1.45,0.97,2.05,0.21,0.5,0.18,0.26,-0.02,1.62,12.36,6.68,2.06,2.73,48.92,5856.94,1
2.55,2.66,1.96,0.3,14.32,0.53,0.18,-0.05,-0.08,0.16,0.81,0.58,4.79,2.07,2.18,30.22,473.78,0
2.27,1.94,1.18,2.68,1.37,0.77,0.24,0.1,-0.04,-0.19,1.67,14.88,14.67,4.55,3.78,15.99,9693.9,0
2.64,2.48,0.59,3.32,4.82,0.73,0.19,0.26,0.19,-0.01,0.44,3.15,17.29,5.43,4.04,49.61,7073.33,0
0.56,0.43,0.93,0.15,4.82,0.4,0.28,0.31,0.07,0.16,0.51,7.32,8.62,6.18,1.26,13.65,3392.84,1
3.55,0.57,1.23,2.96,5.15,0.64,0.17,-0.2,0.06,0.2,0.81,13.14,17.24,6.02,5.02,16.58,1514.22,0
3.76,2.59,0.24,2.4,2.88,0.11,0.58,0.46,-0.05,0.45,0.94,3.76,15.18,6.77,1.74,25.13,1477.02,0
2.48,0.53,1.28,0.46,11.86,0.78,0.19,-0.08,0.1,0.25,0.83,7.41,9.7,4.24,1.12,53.42,1719.06,0
2.94,0.53,1.96,0.78,2.28,0.77,0.06,-0.04,-0.05,0.09,1.57,2.42,12.78,6.4,2.44,12.25,503.45,0
3.73,0.34,0.46,2.56,9.71,0.13,0.32,-0.02,0.09,0.45,0.37,6.23,8.96,5.74,4.38,11.72,9026.43,0
2.98,3.36,1.61,1.33,2.3,0.24,0.03,-0.17,0.21,0.35,0.83,3.07,10.94,6.3,5.79,32.17,5430.64,1
1.03,2.66,1.83,4.22,1.52,0.08,0.07,-0.11,0.0,-0.06,1.71,5.77,2.93,0.48,4.86,20.2,7014.6,1
2.52,1.43,1.89,3.68,13.69,0.22,0.13,0.49,0.09,-0.11,0.32,5.92,13.14,6.77,5.64,36.28,8289.68,0
2.62,1.25,1.92,4.43,3.26,0.65,0.28,0.02,0.3,0.27,1.9,14.9,2.85,3.53,0.84,29.84,7925.83,0
1.98,1.42,1.09,1.17,12.41,0.3,0.26,-0.12,0.17,0.19,1.98,14.92,15.07,5.67,0.43,28.92,8831.93,1
3.08,2.78,1.96,4.36,8.4,0.07,0.48,-0.13,0.24,0.35,0.36,2.16,15.2,1.24,3.35,11.16,9674.18,0
3.77,2.42,1.54,1.94,1.63,0.27,0.44,0.3,0.07,0.32,0.72,11.03,5.79,3.01,1.74,12.76,4418.75,0
3.74,0.89,0.41,1.56,14.35,0.79,0.26,0.4,0.21,0.24,0.87,1.25,7.18,2.19,4.97,50.16,9505.84,0
2.08,0.86,1.01,0.23,4.08,0.5,0.2,-0.02,-0.08,0.49,1.6,0.94,9.7,2.32,4.03,53.72,7246.73,0
0.9,0.61,1.46,0.24,12.96,0.33,0.19,-0.19,-0.05,0.17,1.27,2.03,11.55,1.21,5.82,17.91,753.15,0
3.95,2.41,0.57,3.11,2.95,0.13,0.46,-0.04,-0.02,-0.12,1.36,14.5,6.6,5.72,1.53,11.24,6833.74,1
3.44,2.75,1.32,2.06,12.88,0.79,0.03,-0.16,0.06,0.38,1.56,14.14,11.48,0.46,2.91,7.94,6882.83,0
0.94,1.15,1.37,1.02,0.69,0.66,0.01,-0.13,0.24,-0.02,0.41,3.31,6.76,2.46,3.01,38.46,9063.31,0
3.72,0.37,0.41,2.76,7.92,0.23,0.48,0.1,0.04,0.34,1.7,2.84,2.89,1.55,1.44,44.34,3760.67,0
3.54,0.56,1.17,1.14,11.66,0.06,0.29,-0.04,0.16,0.47,1.47,3.99,2.04,4.29,3.54,25.5,5869.87,0
2.32,3.4,1.57,2.6,14.05,0.05,0.08,0.16,0.18,0.29,1.24,7.98,3.62,2.08,2.66,42.38,171.27,0
2.57,1.25,1.05,1.62,13.68,0.1,0.14,-0.02,0.13,0.22,1.8,8.76,14.68,2.11,2.68,44.21,3354.15,0
1.9,2.76,0.12,3.71,12.38,0.46,0.56,0.46,0.04,0.12,1.46,3.71,17.38,3.62,2.18,56.44,669.33,0
0.69,2.3,0.12,3.69,13.38,0.74,0.52,0.43,0.13,0.06,0.56,11.47,8.83,4.71,0.1,8.57,5242.64,1
1.67,1.52,0.78,2.15,3.39,0.4,0.43,0.2,0.04,0.05,0.97,4.99,10.2,1.2,3.13,15.58,8183.6,0
3.31,0.96,1.86,1.58,4.62,0.67,0.29,0.05,-0.07,0.25,1.09,13.87,4.35,1.56,2.01,8.77,2104.1,1
0.52,0.69,0.53,1.63,4.69,0.36,0.31,0.07,0.3,0.33,0.3,10.02,10.82,2.03,0.01,52.74,5298.04,0
1.67,2.27,1.31,3.63,5.97,0.57,0.59,0.09,-0.05,0.27,1.92,6.83,4.31,6.83,1.85,48.59,2079.89,0
1.89,2.78,0.52,1.48,6.2,0.59,0.58,0.31,-0.07,-0.06,0.43,11.95,11.78,3.02,1.67,36.61,1250.85,0
2.38,2.36,0.71,0.94,8.4,0.14,0.13,0.12,0.25,0.15,1.46,12.36,16.93,4.35,2.36,9.6,5134.42,0
3.72,2.0,1.71,0.38,2.82,0.29,0.49,0.4,0.02,0.35,1.11,4.71,5.13,1.99,0.79,20.03,837.53,0
1.71,0.43,1.48,2.1,10.52,0.51,0.12,0.46,0.16,0.13,0.25,5.43,14.23,3.64,3.05,21.37,5894.18,0
1.71,3.4,0.28,2.17,2.93,0.06,0.13,0.04,0.03,0.18,1.86,14.07,2.38,0.89,4.15,35.84,361.81,0
3.08,2.86,0.91,3.78,5.0,0.29,0.41,0.19,0.06,0.34,1.73,2.89,8.01,0.63,3.78,19.19,1111.81,0
2.08,1.24,0.16,1.0,7.8,0.43,0.24,-0.13,0.0,0.26,1.14,1.11,3.77,3.49,4.82,9.01,5522.47,0
1.29,3.44,1.01,1.71,12.05,0.8,0.56,-0.06,0.04,0.09,0.61,7.08,7.64,3.03,2.71,45.19,5934.5,0
2.08,2.23,1.36,3.64,11.22,0.38,0.05,0.09,0.06,0.43,0.42,12.12,4.78,1.3,3.11,21.45,338.42,0
0.99,2.16,0.33,3.71,9.86,0.65,0.31,-0.06,0.19,-0.09,0.85,11.69,7.97,4.94,4.86,29.88,5755.1,0
1.12,2.69,0.65,1.73,2.76,0.35,0.55,0.41,0.1,0.5,0.66,13.83,8.68,6.95,2.57,12.02,8393.1,0
2.24,2.9,0.86,2.07,8.43,0.64,0.54,-0.09,0.28,-0.12,1.11,8.23,6.81,3.01,4.21,49.14,7237.05,0
1.97,2.4,1.85,1.36,1.77,0.48,0.09,0.12,-0.08,-0.19,1.94,1.95,12.51,4.52,2.61,36.1,1355.29,0
3.7,0.71,1.99,4.2,5.97,0.71,0.22,0.22,0.1,0.42,1.23,9.04,16.7,6.76,2.51,54.59,5945.12,0
1.77,1.38,0.19,0.53,6.5,0.33,0.37,0.28,0.13,-0.03,1.8,11.79,8.41,5.89,4.56,32.25,6738.91,0
2.53,3.27,1.55,4.2,1.08,0.48,0.1,0.07,0.27,0.31,1.37,1.85,5.08,3.46,1.05,56.78,420.45,0
2.71,1.02,0.81,3.08,4.47,0.5,0.58,0.41,-0.08,0.37,1.06,3.0,6.33,5.27,2.03,54.05,8560.71,0
0.55,1.49,0.85,2.39,14.36,0.33,0.55,0.2,0.13,0.4,1.74,0.68,15.66,1.25,1.35,36.71,9067.36,1
2.82,1.68,1.53,0.15,14.33,0.12,0.1,0.11,0.24,0.49,1.05,9.11,11.15,3.78,2.15,56.36,8512.0,0
1.12,1.71,1.85,2.14,5.61,0.07,0.07,-0.15,-0.0,0.01,1.76,13.36,9.28,2.24,1.38,22.77,8255.08,1
3.86,2.26,1.91,1.83,1.12,0.01,0.05,0.13,0.25,0.3,0.72,10.22,4.39,1.46,3.48,25.11,7462.4,0
1.02,3.32,1.2,0.73,3.1,0.7,0.55,0.37,-0.09,-0.12,0.43,14.74,9.2,3.21,4.79,7.5,6352.65,1
1.95,1.07,0.78,2.95,6.19,0.19,0.12,0.23,0.19,0.08,1.74,1.41,6.46,1.26,4.72,37.41,6802.34,0
0.8,0.69,1.6,4.37,14.24,0.17,0.25,0.38,0.27,0.39,1.26,13.59,17.09,5.01,2.19,44.71,8073.63,0
3.99,0.93,0.58,2.53,2.55,0.59,0.27,0.15,0.16,0.06,1.8,12.3,16.15,3.41,5.93,47.54,6641.86,0
2.26,3.14,1.17,3.22,11.57,0.26,0.36,-0.12,0.08,0.21,1.89,5.06,3.34,3.91,3.56,13.24,3310.88,0
2.58,2.37,0.78,0.31,2.08,0.4,0.04,-0.19,-0.08,0.15,0.3,14.62,10.27,1.37,2.4,29.43,3790.81,1
0.73,1.21,1.35,1.88,14.73,0.13,0.14,0.01,0.27,0.25,1.1,4.68,5.6,1.32,5.01,14.73,8975.72,0
3.12,2.91,0.56,0.52,6.03,0.77,0.56,0.29,0.09,0.48,0.87,13.39,8.57,4.25,4.38,41.42,220.36,1
1.23,3.06,0.46,2.76,11.74,0.68,0.55,0.35,-0.09,-0.16,1.33,13.27,16.03,6.9,4.5,13.69,7003.26,0
3.64,3.01,1.84,4.22,5.47,0.69,0.47,0.01,0.18,0.2,1.63,11.49,10.44,1.04,1.18,54.73,9550.04,0
1.22,3.24,0.29,2.98,9.6,0.33,0.01,0.15,0.09,0.4,0.71,8.67,7.35,2.29,2.81,17.68,7076.97,0
1.17,1.11,1.06,0.35,3.28,0.61,0.2,0.09,-0.05,0.14,1.2,2.24,5.33,6.14,5.17,21.03,9939.42,1
0.63,2.72,0.52,1.6,2.62,0.12,0.38,0.09,-0.01,-0.15,1.48,8.21,14.81,0.88,3.02,51.8,6891.07,0
2.15,1.77,0.17,2.48,14.1,0.01,0.17,-0.04,-0.07,0.19,0.44,5.67,11.99,6.18,4.1,30.22,391.91,0
2.48,2.99,0.17,1.81,13.81,0.02,0.55,-0.1,0.13,0.03,1.67,11.99,9.49,3.86,3.53,6.32,8278.75,0
0.73,2.63,0.43,3.75,13.37,0.47,0.38,-0.06,0.15,-0.09,1.29,11.49,5.48,3.09,5.05,32.2,2882.07,0
3.21,2.78,1.75,3.67,9.57,0.36,0.04,-0.16,0.1,0.39,1.91,13.7,7.35,2.44,1.71,9.65,4488.27,1
2.09,2.4,0.64,2.75,12.22,0.41,0.55,-0.06,0.23,0.17,0.81,0.72,17.36,2.36,3.45,59.19,3155.31,0
2.34,0.87,1.91,1.68,1.5,0.01,0.57,-0.19,0.24,0.45,0.39,12.23,10.32,2.42,0.74,37.35,2722.11,0
2.04,2.04,1.21,1.15,5.35,0.34,0.05,0.24,0.15,0.36,1.11,14.11,8.41,6.24,4.14,19.11,4342.49,0
1.9,3.45,0.93,0.48,5.05,0.57,0.32,0.02,-0.09,0.29,0.35,11.94,10.34,5.18,4.39,36.0,3818.58,0
2.46,3.3,1.2,1.6,9.72,0.35,0.18,0.48,0.18,-0.2,1.95,2.39,14.46,4.82,0.26,9.23,6351.72,0
1.04,0.44,1.08,1.86,5.66,0.59,0.24,-0.06,0.07,0.1,0.27,1.68,7.44,5.67,4.05,48.99,8140.85,0
1.14,0.83,1.54,3.04,2.65,0.19,0.11,0.04,0.13,-0.06,1.56,0.8,4.86,2.1,2.49,55.89,3006.03,0
3.52,0.72,0.64,2.96,9.15,0.65,0.35,0.05,0.16,0.44,1.15,9.62,11.36,4.48,0.74,53.09,2176.53,0
3.81,2.62,0.77,0.32,12.31,0.47,0.57,-0.19,0.04,-0.08,0.86,9.63,12.64,3.44,2.52,23.8,6685.61,0
1.81,2.92,1.8,1.78,6.04,0.17,0.3,0.39,0.27,0.0,0.32,14.81,13.4,5.56,1.17,22.92,6719.68,0
1.45,0.98,1.9,0.82,2.42,0.19,0.05,-0.18,-0.05,0.16,1.32,6.27,16.11,2.44,2.49,6.93,9016.26,1
2.75,1.92,1.8,0.71,3.35,0.5,0.37,0.46,0.17,-0.02,1.25,5.31,7.94,4.64,2.31,40.83,208.66,1
1.93,2.99,0.9,3.72,3.94,0.66,0.2,0.42,-0.1,-0.05,0.71,9.55,3.21,6.22,4.43,34.42,8537.75,0
0.59,2.64,1.58,0.19,4.85,0.33,0.51,0.17,0.27,0.22,1.84,12.47,17.33,3.05,4.65,30.26,5233.97,0
1.05,2.04,1.01,1.89,9.82,0.21,0.26,0.18,-0.05,-0.14,0.75,14.08,8.96,0.84,3.64,54.92,6231.96,0
3.01,2.19,1.05,0.76,9.21,0.69,0.12,0.26,-0.06,-0.16,1.01,12.15,11.97,3.81,0.14,14.23,959.15,0
2.81,1.93,0.49,3.96,10.59,0.54,0.11,0.07,0.03,0.06,1.18,6.69,12.66,2.68,5.59,5.53,4354.52,0
0.59,1.25,1.22,2.51,5.76,0.36,0.46,0.25,0.05,0.3,0.38,9.71,10.74,4.84,4.12,9.03,2311.66,0
1.28,2.11,0.45,1.04,12.45,0.39,0.16,-0.17,-0.01,0.19,1.88,12.92,5.28,6.68,0.21,17.29,2579.54,0
1.31,2.5,0.73,2.26,3.46,0.16,0.46,-0.16,0.13,0.1,0.87,7.61,14.08,3.61,4.91,6.83,5065.75,0
2.85,3.09,1.72,3.29,7.3,0.5,0.12,0.12,0.08,0.2,0.35,3.64,14.86,3.48,1.2,32.66,8133.94,1
0.57,2.34,0.49,4.31,12.11,0.29,0.19,0.18,-0.09,0.06,0.9,2.96,10.85,4.72,3.48,22.27,7450.62,0
0.86,2.74,0.24,0.99,3.11,0.8,0.28,0.42,0.03,0.46,1.28,0.5,9.82,1.08,2.8,14.93,5930.45,0
3.3,0.81,0.23,3.99,2.09,0.38,0.57,-0.13,0.22,-0.16,1.12,10.91,3.82,2.07,2.52,46.25,5417.21,0
1.12,1.78,1.89,4.2,13.31,0.39,0.56,0.38,0.18,0.27,1.45,2.11,3.34,6.47,5.34,16.24,4301.7,0
2.78,0.33,1.06,4.12,5.47,0.45,0.12,-0.05,0.19,0.42,0.3,4.04,7.43,4.82,2.62,42.82,9728.46,0
1.33,1.09,0.88,2.86,10.42,0.73,0.21,0.08,0.18,0.36,0.71,4.82,6.97,0.49,0.45,24.21,5623.92,0
0.85,2.62,1.64,2.83,0.87,0.64,0.09,0.02,0.02,-0.07,1.67,8.63,17.26,1.75,5.68,33.15,2576.97,0
1.35,3.47,1.69,1.81,10.51,0.36,0.31,0.08,-0.06,0.01,0.34,6.27,14.54,4.91,5.52,56.36,2339.4,0
3.03,0.62,0.73,3.39,5.08,0.57,0.28,-0.09,0.01,0.3,1.74,10.28,12.56,5.45,4.11,7.05,6132.96,0
3.49,1.58,1.42,2.39,1.31,0.47,0.54,0.15,0.23,-0.14,0.37,1.31,10.28,5.94,2.81,32.51,5252.13,0
3.41,2.86,1.57,3.05,9.34,0.39,0.56,0.36,0.29,0.37,1.7,2.3,4.68,2.33,0.56,51.99,126.59,1
1.89,0.95,1.34,1.93,3.99,0.15,0.23,0.11,0.1,0.3,0.85,7.74,17.66,6.54,4.74,37.34,8309.15,0
2.84,2.08,0.39,3.29,6.11,0.37,0.3,0.14,-0.1,0.31,1.3,5.39,8.0,4.05,0.45,20.23,7056.02,0
1.22,2.65,1.76,3.71,1.67,0.2,0.54,0.39,-0.04,-0.13,0.48,4.79,3.71,5.0,0.41,26.87,6635.2,0
1.53,2.27,1.12,0.66,2.63,0.73,0.48,0.29,0.03,0.3,0.32,1.47,9.9,4.34,3.22,42.41,734.37,0
3.64,0.9,0.64,3.75,4.82,0.27,0.0,0.14,0.13,0.28,0.59,13.49,15.98,1.21,0.96,53.99,3652.46,1
0.55,1.44,0.91,2.43,1.8,0.76,0.19,-0.02,-0.07,0.38,0.43,10.53,16.2,6.76,0.05,7.26,9357.05,0
0.8,2.81,0.17,3.8,13.71,0.43,0.25,0.42,0.28,-0.17,0.76,2.26,2.18,1.21,2.54,8.93,8632.76,0
1.23,2.07,0.34,1.94,0.59,0.51,0.14,0.2,0.05,-0.18,1.13,1.44,16.18,2.08,0.82,22.88,2891.15,0
0.59,0.32,1.55,1.71,7.52,0.43,0.12,-0.05,0.27,0.06,1.26,14.64,6.34,5.77,0.96,17.8,1612.74,0
1.14,2.74,0.1,4.12,2.29,0.1,0.02,-0.01,0.21,-0.1,1.62,10.38,2.62,4.48,0.46,19.57,4518.43,1
2.54,0.41,0.89,1.13,4.96,0.3,0.39,0.36,0.2,0.19,1.38,6.55,15.56,5.93,1.23,17.17,3590.51,0
1.97,2.69,1.09,3.8,13.93,0.08,0.16,-0.17,0.14,0.44,1.3,10.68,15.82,3.8,4.29,15.77,6838.15,0
3.62,0.95,0.2,2.18,2.84,0.5,0.03,0.49,0.15,0.07,0.94,11.47,11.54,2.89,4.85,12.18,9666.03,1
3.36,3.37,1.95,2.31,14.5,0.36,0.14,-0.11,0.16,0.39,1.05,11.81,11.19,6.48,2.72,56.37,3661.86,0
1.7,1.48,0.53,1.39,3.48,0.62,0.48,0.36,0.15,-0.2,0.95,7.43,15.01,0.64,3.04,12.93,669.13,0
1.41,1.35,0.68,2.58,11.25,0.18,0.51,0.08,0.12,-0.08,1.72,6.73,14.58,6.05,0.2,16.24,8981.26,0
1.83,0.78,0.68,1.46,8.43,0.13,0.29,0.14,0.29,-0.18,0.61,0.66,16.24,1.92,0.42,18.54,427.6,0
2.57,1.28,0.54,0.18,13.32,0.33,0.25,0.42,0.19,0.03,0.21,13.94,10.84,6.0,1.55,56.32,9530.02,0
1.44,3.11,0.1,1.22,8.53,0.74,0.59,0.09,0.21,0.44,1.37,9.25,17.48,1.32,3.26,46.56,6662.57,0
2.68,3.49,1.49,0.03,8.25,0.57,0.12,0.18,0.25,-0.13,0.56,3.45,17.94,4.23,4.44,48.43,9419.81,0
1.93,1.48,1.94,4.4,3.33,0.34,0.13,-0.17,-0.01,0.22,1.8,13.83,3.86,6.26,3.63,10.76,2036.61,1
2.43,1.74,0.53,4.35,2.91,0.41,0.18,-0.2,-0.07,0.12,1.75,13.77,15.59,3.53,2.35,51.0,454.96,0
2.03,2.61,1.36,1.78,13.79,0.07,0.1,-0.03,0.09,0.46,0.34,14.84,10.0,5.33,0.71,27.45,4907.69,0
1.53,3.14,1.51,3.28,5.25,0.79,0.23,0.28,0.11,-0.11,0.39,13.17,8.2,5.71,4.68,19.46,4533.7,0
3.82,2.2,1.71,1.56,5.9,0.53,0.55,-0.12,0.23,-0.05,1.09,14.97,11.81,5.26,2.18,36.67,3348.35,1
3.17,1.55,0.9,3.02,11.52,0.23,0.37,-0.12,0.08,-0.18,1.3,4.05,2.9,6.51,4.42,50.22,9578.68,0
0.99,1.62,0.68,3.62,5.41,0.47,0.25,0.09,0.13,0.1,0.69,12.71,10.1,3.35,3.08,47.83,8234.71,1
3.54,2.53,0.72,4.26,14.3,0.09,0.56,0.25,0.11,-0.01,1.49,12.43,15.93,1.54,4.43,53.95,6632.74,0
2.21,0.31,1.45,1.8,11.2,0.77,0.03,0.3,-0.08,0.41,1.27,3.85,5.42,0.72,5.44,56.05,1670.44,1
3.63,2.28,1.65,3.52,9.16,0.14,0.13,-0.08,0.15,0.22,0.78,1.93,8.82,2.03,5.53,18.1,7356.52,0
3.3,1.44,0.45,1.2,13.27,0.52,0.34,-0.14,0.23,0.23,0.25,14.7,17.03,1.35,3.21,28.31,7283.77,0
1.99,2.84,0.8,4.46,1.22,0.2,0.37,0.46,-0.04,0.17,1.55,4.79,8.86,4.08,3.07,5.8,4279.43,0
0.58,0.6,1.81,0.12,4.23,0.57,0.02,-0.02,0.14,-0.14,0.59,13.13,7.73,1.62,1.59,53.36,9251.62,0
1.44,2.18,1.63,2.72,7.24,0.62,0.24,0.4,0.14,0.11,1.7,0.56,9.05,0.66,5.61,13.5,1711.43,0
2.4,1.84,1.97,2.97,3.79,0.54,0.39,0.4,-0.03,0.5,0.96,0.8,10.31,0.64,2.75,52.38,2710.01,0
2.72,2.36,1.53,3.1,11.29,0.49,0.42,0.34,-0.05,0.38,1.24,7.26,12.11,5.89,0.77,23.12,679.08,0
1.4,0.51,0.85,0.54,13.83,0.71,0.38,-0.08,0.29,0.43,1.77,3.96,14.81,4.3,2.6,25.25,7964.74,1
0.99,2.16,1.22,4.22,6.64,0.06,0.19,0.38,0.06,0.38,1.75,10.5,9.23,2.76,0.76,7.15,6236.51,0
3.42,2.1,1.36,0.82,5.46,0.26,0.06,0.34,-0.01,-0.13,0.87,8.7,15.08,6.3,3.02,22.98,3183.66,0
3.95,2.09,0.25,2.8,14.44,0.2,0.26,0.22,-0.03,-0.04,0.58,1.62,10.54,0.86,3.37,53.86,1679.95,0
2.34,2.23,1.13,1.0,6.95,0.79,0.08,0.04,0.17,-0.2,1.6,2.86,7.42,6.87,2.03,6.41,449.47,0
1.1,2.46,1.45,1.38,7.59,0.31,0.57,-0.02,0.14,0.01,0.98,6.13,12.53,4.47,0.43,27.35,1709.12,1
1.45,2.88,0.42,2.46,5.6,0.59,0.29,-0.11,0.16,-0.12,0.55,3.19,13.48,1.61,5.66,6.73,4560.18,0
0.56,1.16,1.58,1.88,13.69,0.55,0.19,0.16,-0.06,0.13,1.83,11.99,10.93,4.88,4.64,25.4,2509.41,0
3.7,2.94,1.21,0.72,8.75,0.17,0.46,0.21,0.26,0.27,0.56,6.53,2.91,5.44,5.03,14.5,2626.87,0
0.91,1.89,1.91,0.77,11.55,0.19,0.3,0.05,0.06,0.41,0.25,1.85,4.72,3.23,2.2,18.87,8761.98,1
2.52,0.55,0.18,1.88,12.27,0.23,0.19,0.13,0.03,0.32,0.24,7.52,6.56,6.09,4.56,53.27,5175.62,1
1.46,0.49,0.6,3.41,5.46,0.33,0.49,0.05,0.08,0.46,1.32,1.82,6.52,1.39,2.91,28.98,7306.06,0
2.44,1.37,1.24,4.04,6.79,0.19,0.52,0.25,0.06,-0.16,1.39,2.37,12.77,2.24,1.21,20.06,405.32,0
2.78,2.81,0.66,0.38,12.8,0.02,0.4,0.43,0.25,-0.19,0.76,3.97,2.29,1.02,0.75,37.41,3683.38,0
3.4,2.56,1.46,1.77,5.77,0.7,0.03,-0.09,0.27,0.26,0.78,12.96,14.09,1.79,2.07,12.82,4817.74,0
1.22,2.82,1.54,0.45,12.01,0.77,0.34,0.07,0.02,0.0,0.81,13.91,6.25,1.98,0.83,19.27,1904.85,0
0.54,1.96,0.29,0.07,14.14,0.27,0.46,-0.1,0.25,-0.02,1.42,12.48,6.96,6.46,5.99,35.04,1245.91,0
0.98,1.71,1.08,2.98,9.54,0.27,0.08,0.24,0.21,0.03,0.3,5.34,10.45,0.92,0.3,18.06,8709.52,0
3.65,0.77,1.07,2.71,11.25,0.01,0.14,0.31,0.27,-0.01,1.87,4.45,5.45,3.22,2.65,42.35,9397.34,0
3.56,1.35,0.8,0.73,12.17,0.54,0.53,0.45,-0.0,0.16,0.6,8.46,16.15,3.91,2.71,32.03,834.13,0
2.59,1.69,1.87,1.05,12.75,0.66,0.01,-0.0,0.13,0.11,2.0,10.97,3.37,6.33,1.8,47.46,3522.74,0
2.6,0.58,1.67,0.11,6.23,0.12,0.45,0.47,0.01,0.16,0.51,14.9,9.11,6.98,3.43,57.15,9584.94,0
2.83,1.01,1.42,3.76,1.24,0.13,0.28,-0.16,0.23,0.27,1.59,2.41,15.59,5.37,0.9,11.37,877.46,0
1.11,2.21,1.46,4.39,6.33,0.63,0.27,0.22,-0.1,0.07,0.6,1.21,11.85,6.81,4.7,23.41,6454.23,0
3.7,2.65,0.98,0.61,10.27,0.49,0.0,-0.16,0.13,-0.02,0.35,10.57,6.68,5.59,1.99,22.58,9723.6,0
1.97,3.49,1.85,1.04,7.03,0.04,0.49,0.43,0.04,-0.08,1.77,12.57,8.73,6.76,3.55,13.32,9783.33,1
1.84,3.29,1.42,3.91,11.36,0.5,0.22,0.17,0.03,0.04,1.75,12.77,13.31,5.07,4.29,49.57,4738.67,0
2.32,2.36,1.49,4.17,5.68,0.25,0.32,0.27,0.16,0.32,0.93,10.34,17.57,0.93,5.33,46.79,1669.35,0
0.66,1.65,1.74,1.89,9.7,0.29,0.41,0.38,0.24,0.33,1.46,14.33,16.29,3.05,5.01,31.64,2060.74,1
1.08,2.34,0.62,0.23,3.2,0.62,0.42,-0.09,0.14,0.27,1.2,7.91,7.48,4.67,3.65,34.58,8901.53,0
3.08,2.81,1.63,0.18,11.37,0.65,0.57,-0.17,0.24,-0.04,1.74,13.75,17.97,2.71,2.33,8.27,9121.25,1
0.79,0.68,0.47,2.58,8.41,0.32,0.32,0.42,0.01,0.21,0.77,14.53,2.06,2.2,3.02,35.55,6098.4,0
2.61,1.61,0.76,1.77,3.46,0.76,0.24,0.02,0.11,0.2,1.14,12.78,2.44,4.21,4.61,48.52,7673.46,0
1.36,2.99,0.74,0.13,4.73,0.33,0.57,-0.11,0.08,0.14,1.07,4.99,15.18,6.56,5.27,36.56,7412.32,0
1.86,1.53,1.96,2.62,11.35,0.62,0.39,0.13,-0.1,0.18,0.84,3.35,5.19,0.63,0.62,19.59,6635.12,0
1.51,2.13,1.73,0.05,7.5,0.39,0.18,0.22,0.12,0.14,1.8,8.45,2.97,5.48,2.31,41.72,8281.41,0
1.74,2.18,1.43,3.54,3.63,0.72,0.08,-0.18,0.16,0.2,0.5,7.07,5.79,5.17,4.66,24.88,6869.8,0
3.02,0.89,1.48,1.38,14.53,0.73,0.51,-0.01,0.14,0.3,0.47,13.23,8.82,6.76,2.59,34.97,5363.32,1
1.54,1.46,1.17,0.18,10.87,0.07,0.22,-0.18,0.19,-0.12,1.24,1.95,13.69,6.54,1.99,31.82,2407.72,0
2.48,1.37,1.9,2.65,14.38,0.75,0.4,0.09,0.13,0.32,1.38,4.24,11.99,5.43,2.47,25.96,7451.69,0
2.17,0.38,1.04,1.79,6.69,0.66,0.28,0.43,-0.07,-0.1,0.55,11.4,5.8,3.83,3.62,44.54,4760.71,0
2.82,0.38,0.82,4.38,7.39,0.63,0.12,0.49,-0.05,-0.15,0.9,1.88,10.05,1.75,6.0,53.61,2983.18,0
3.78,2.96,0.41,2.45,13.52,0.16,0.36,0.25,0.14,0.48,1.9,5.15,16.82,4.0,2.96,5.29,8029.37,0
3.06,1.17,1.59,1.24,8.11,0.64,0.04,-0.09,0.01,0.47,0.64,6.11,15.04,5.45,1.25,56.35,6982.3,0
1.25,1.96,1.5,3.19,10.76,0.68,0.25,0.43,-0.07,-0.16,1.4,9.53,7.17,6.31,0.98,33.13,9376.53,0
0.61,1.26,0.83,1.22,4.16,0.23,0.33,0.16,0.07,0.11,1.53,2.79,17.72,5.61,0.25,43.54,1696.14,0
1.42,3.31,0.15,4.07,6.98,0.76,0.26,-0.09,0.12,-0.07,1.01,12.98,13.34,1.69,3.35,52.06,6509.43,0
2.58,1.13,1.69,1.69,2.29,0.04,0.45,0.45,0.03,0.14,1.89,6.99,3.0,4.36,3.27,30.69,2480.18,0
0.68,1.67,0.12,2.47,3.49,0.12,0.5,0.33,0.19,0.38,1.53,13.8,2.56,2.59,1.23,50.92,9040.65,0
2.24,3.09,1.44,0.23,0.51,0.43,0.46,0.31,0.16,0.47,1.02,7.28,4.69,0.46,4.17,14.77,1040.02,0
2.59,2.99,1.94,1.92,1.07,0.46,0.02,0.3,0.03,0.24,1.22,4.49,13.65,1.72,4.45,13.75,6578.81,0
1.67,0.9,0.93,3.75,14.67,0.52,0.12,-0.06,0.2,0.05,1.45,2.56,4.94,1.15,1.55,41.16,7921.3,0
3.2,2.87,0.55,3.63,4.01,0.01,0.32,-0.05,0.16,0.22,1.27,0.55,10.18,5.96,2.06,52.86,3581.43,0
0.87,1.77,1.44,1.01,10.12,0.77,0.56,0.28,0.15,0.02,1.78,8.22,3.49,2.11,5.94,54.08,9543.67,0
0.76,1.85,1.65,1.02,12.67,0.04,0.5,-0.05,0.12,0.44,0.84,2.05,16.73,2.28,2.25,40.41,8514.77,0
3.05,0.73,1.14,3.68,8.48,0.11,0.51,0.11,-0.1,0.41,0.74,6.18,7.5,6.74,4.56,33.9,2981.45,0
2.23,0.56,1.94,4.19,2.72,0.01,0.18,0.35,0.18,0.19,0.58,9.04,16.53,2.9,2.72,23.23,125.03,0
2.91,2.63,0.2,0.43,11.06,0.45,0.26,0.35,0.05,0.03,0.27,4.5,17.12,0.46,4.76,58.9,3001.74,0
2.02,1.89,1.06,2.03,9.2,0.75,0.28,0.12,0.28,0.01,0.28,3.04,2.1,2.27,4.61,22.58,2849.04,1
1.36,1.7,1.47,1.52,11.1,0.53,0.09,0.35,0.23,-0.18,1.77,11.73,9.43,1.19,4.01,45.93,8905.15,0
3.37,2.63,1.74,3.92,11.66,0.66,0.02,0.39,0.14,0.37,1.42,14.23,2.39,1.08,5.13,34.26,9672.86,0
3.3,2.75,0.44,0.38,14.64,0.01,0.57,0.26,0.0,0.12,1.39,1.96,16.54,0.91,5.64,38.47,750.88,0
2.93,0.81,1.62,0.95,8.82,0.43,0.14,-0.04,-0.02,0.03,1.31,2.76,10.29,4.32,3.48,26.64,4739.38,1
1.45,2.25,1.15,3.39,5.45,0.37,0.14,-0.01,0.04,0.13,1.73,14.42,3.2,1.65,1.42,58.07,5505.9,0
2.57,0.73,0.85,0.23,9.9,0.4,0.05,0.02,0.09,0.37,1.06,1.05,3.76,2.78,2.39,36.44,974.47,0
1.76,2.7,0.35,2.22,1.49,0.06,0.56,-0.12,0.02,-0.11,1.77,14.68,8.14,6.09,4.55,56.58,3806.1,0
0.82,2.4,1.74,1.99,13.51,0.55,0.35,-0.01,0.11,0.4,0.85,0.57,17.04,3.2,3.91,5.42,3204.97,0
3.71,3.36,0.4,1.5,2.23,0.4,0.4,-0.05,-0.03,0.43,1.87,13.17,13.09,6.44,1.07,36.5,5383.76,0
0.98,0.52,0.69,1.78,5.25,0.61,0.55,0.12,0.29,0.46,1.46,4.96,15.88,3.69,0.31,44.45,6628.85,0
3.83,0.48,0.65,2.38,12.33,0.39,0.21,0.44,-0.06,0.08,0.66,14.11,7.86,3.03,4.1,45.98,7049.68,0
2.06,1.2,1.76,0.73,9.16,0.12,0.37,-0.13,0.27,-0.05,1.22,5.1,2.69,5.35,1.51,54.77,1410.71,1
